--
-- PostgreSQL database dump
--

-- Dumped from database version 12.17
-- Dumped by pg_dump version 12.17

-- Started on 2024-04-08 07:32:18

SET statement_timeout = 0;
SET lock_timeout = 0;
SET idle_in_transaction_session_timeout = 0;
SET client_encoding = 'UTF8';
SET standard_conforming_strings = on;
SELECT pg_catalog.set_config('search_path', '', false);
SET check_function_bodies = false;
SET xmloption = content;
SET client_min_messages = warning;
SET row_security = off;

SET default_tablespace = '';

SET default_table_access_method = heap;

--
-- TOC entry 202 (class 1259 OID 42027)
-- Name: aa_de_uu; Type: TABLE; Schema: public; Owner: postgres
--

CREATE TABLE public.aa_de_uu (
    id_autoridad_unidad integer NOT NULL,
    id_persona integer NOT NULL,
    id_unidad integer,
    id_carrera integer NOT NULL,
    id_g_acad integer NOT NULL,
    id_cargo integer NOT NULL,
    autoridad_superior integer
);


ALTER TABLE public.aa_de_uu OWNER TO postgres;

--
-- TOC entry 245 (class 1259 OID 42658)
-- Name: aa_de_uu_id_autoridad_unidad_seq; Type: SEQUENCE; Schema: public; Owner: postgres
--

ALTER TABLE public.aa_de_uu ALTER COLUMN id_autoridad_unidad ADD GENERATED BY DEFAULT AS IDENTITY (
    SEQUENCE NAME public.aa_de_uu_id_autoridad_unidad_seq
    START WITH 1
    INCREMENT BY 1
    NO MINVALUE
    NO MAXVALUE
    CACHE 1
);


--
-- TOC entry 203 (class 1259 OID 42038)
-- Name: acronimos; Type: TABLE; Schema: public; Owner: postgres
--

CREATE TABLE public.acronimos (
    id_acronimo integer NOT NULL,
    nombre_acronimo character varying(50),
    codigo_acronimo character varying(25),
    descripcion_acronimo character varying(150)
);


ALTER TABLE public.acronimos OWNER TO postgres;

--
-- TOC entry 246 (class 1259 OID 42660)
-- Name: acronimos_id_acronimo_seq; Type: SEQUENCE; Schema: public; Owner: postgres
--

ALTER TABLE public.acronimos ALTER COLUMN id_acronimo ADD GENERATED BY DEFAULT AS IDENTITY (
    SEQUENCE NAME public.acronimos_id_acronimo_seq
    START WITH 1
    INCREMENT BY 1
    NO MINVALUE
    NO MAXVALUE
    CACHE 1
);


--
-- TOC entry 204 (class 1259 OID 42044)
-- Name: actividades_de_proyectos; Type: TABLE; Schema: public; Owner: postgres
--

CREATE TABLE public.actividades_de_proyectos (
    id_actividad integer NOT NULL,
    id_proyecto integer NOT NULL,
    nombre_actividad character varying(150),
    descripcion_actividad character varying(300),
    fecha_inicio_actividad date,
    fecha_fin_actividad date
);


ALTER TABLE public.actividades_de_proyectos OWNER TO postgres;

--
-- TOC entry 247 (class 1259 OID 42662)
-- Name: actividades_de_proyectos_id_actividad_seq; Type: SEQUENCE; Schema: public; Owner: postgres
--

ALTER TABLE public.actividades_de_proyectos ALTER COLUMN id_actividad ADD GENERATED BY DEFAULT AS IDENTITY (
    SEQUENCE NAME public.actividades_de_proyectos_id_actividad_seq
    START WITH 1
    INCREMENT BY 1
    NO MINVALUE
    NO MAXVALUE
    CACHE 1
);


--
-- TOC entry 205 (class 1259 OID 42051)
-- Name: areas_de_conocimientos; Type: TABLE; Schema: public; Owner: postgres
--

CREATE TABLE public.areas_de_conocimientos (
    id_area_conocimiento integer NOT NULL,
    codigo_area_conocimiento character varying(25),
    nombre_area_conocimiento character varying(150),
    descripcion_area_conocimiento character varying(300)
);


ALTER TABLE public.areas_de_conocimientos OWNER TO postgres;

--
-- TOC entry 248 (class 1259 OID 42664)
-- Name: areas_de_conocimientos_id_area_conocimiento_seq; Type: SEQUENCE; Schema: public; Owner: postgres
--

ALTER TABLE public.areas_de_conocimientos ALTER COLUMN id_area_conocimiento ADD GENERATED BY DEFAULT AS IDENTITY (
    SEQUENCE NAME public.areas_de_conocimientos_id_area_conocimiento_seq
    START WITH 1
    INCREMENT BY 1
    NO MINVALUE
    NO MAXVALUE
    CACHE 1
);


--
-- TOC entry 206 (class 1259 OID 42057)
-- Name: articulos; Type: TABLE; Schema: public; Owner: postgres
--

CREATE TABLE public.articulos (
    id_articulo integer NOT NULL,
    codigo_articulo character varying(25),
    fecha_publicacion_articulo date
);


ALTER TABLE public.articulos OWNER TO postgres;

--
-- TOC entry 249 (class 1259 OID 42666)
-- Name: articulos_id_articulo_seq; Type: SEQUENCE; Schema: public; Owner: postgres
--

ALTER TABLE public.articulos ALTER COLUMN id_articulo ADD GENERATED BY DEFAULT AS IDENTITY (
    SEQUENCE NAME public.articulos_id_articulo_seq
    START WITH 1
    INCREMENT BY 1
    NO MINVALUE
    NO MAXVALUE
    CACHE 1
);


--
-- TOC entry 207 (class 1259 OID 42063)
-- Name: capacitaciones; Type: TABLE; Schema: public; Owner: postgres
--

CREATE TABLE public.capacitaciones (
    id_cap integer NOT NULL,
    id_pais integer NOT NULL,
    codigo_capacitacion character varying(25),
    nombre_capacitacion character varying(150),
    tipo_capacitacion integer,
    descrip_capacitacion character varying(300),
    duracion_capacitacion character varying(25)
);


ALTER TABLE public.capacitaciones OWNER TO postgres;

--
-- TOC entry 250 (class 1259 OID 42668)
-- Name: capacitaciones_id_cap_seq; Type: SEQUENCE; Schema: public; Owner: postgres
--

ALTER TABLE public.capacitaciones ALTER COLUMN id_cap ADD GENERATED BY DEFAULT AS IDENTITY (
    SEQUENCE NAME public.capacitaciones_id_cap_seq
    START WITH 1
    INCREMENT BY 1
    NO MINVALUE
    NO MAXVALUE
    CACHE 1
);


--
-- TOC entry 208 (class 1259 OID 42073)
-- Name: cargos; Type: TABLE; Schema: public; Owner: postgres
--

CREATE TABLE public.cargos (
    id_cargo integer NOT NULL,
    nombre_cargo character varying(150),
    descripcion_cargo character varying(300)
);


ALTER TABLE public.cargos OWNER TO postgres;

--
-- TOC entry 251 (class 1259 OID 42670)
-- Name: cargos_id_cargo_seq; Type: SEQUENCE; Schema: public; Owner: postgres
--

ALTER TABLE public.cargos ALTER COLUMN id_cargo ADD GENERATED BY DEFAULT AS IDENTITY (
    SEQUENCE NAME public.cargos_id_cargo_seq
    START WITH 1
    INCREMENT BY 1
    NO MINVALUE
    NO MAXVALUE
    CACHE 1
);


--
-- TOC entry 209 (class 1259 OID 42079)
-- Name: carreras; Type: TABLE; Schema: public; Owner: postgres
--

CREATE TABLE public.carreras (
    id_carrera integer NOT NULL,
    id_facultad integer NOT NULL,
    id_acronimo integer NOT NULL,
    codigo_carrera character varying(25),
    nombre_carrera character varying(100),
    descripcion_carrera character varying(300)
);


ALTER TABLE public.carreras OWNER TO postgres;

--
-- TOC entry 252 (class 1259 OID 42672)
-- Name: carreras_id_carrera_seq; Type: SEQUENCE; Schema: public; Owner: postgres
--

ALTER TABLE public.carreras ALTER COLUMN id_carrera ADD GENERATED BY DEFAULT AS IDENTITY (
    SEQUENCE NAME public.carreras_id_carrera_seq
    START WITH 1
    INCREMENT BY 1
    NO MINVALUE
    NO MAXVALUE
    CACHE 1
);


--
-- TOC entry 210 (class 1259 OID 42087)
-- Name: cc_periodos_; Type: TABLE; Schema: public; Owner: postgres
--

CREATE TABLE public.cc_periodos_ (
    id_cierre_periodo_ integer NOT NULL,
    id_consolidacion integer NOT NULL,
    estado_periodo_ integer,
    fecha_periodo_ date
);


ALTER TABLE public.cc_periodos_ OWNER TO postgres;

--
-- TOC entry 253 (class 1259 OID 42674)
-- Name: cc_periodos__id_cierre_periodo__seq; Type: SEQUENCE; Schema: public; Owner: postgres
--

ALTER TABLE public.cc_periodos_ ALTER COLUMN id_cierre_periodo_ ADD GENERATED BY DEFAULT AS IDENTITY (
    SEQUENCE NAME public.cc_periodos__id_cierre_periodo__seq
    START WITH 1
    INCREMENT BY 1
    NO MINVALUE
    NO MAXVALUE
    CACHE 1
);


--
-- TOC entry 211 (class 1259 OID 42094)
-- Name: colaboradores; Type: TABLE; Schema: public; Owner: postgres
--

CREATE TABLE public.colaboradores (
    id_colaborador integer NOT NULL,
    id_persona integer,
    id_carrera integer NOT NULL,
    id_cap integer NOT NULL,
    id_unidad_rrhh integer NOT NULL,
    id_g_acad integer NOT NULL,
    tipo_colaborador boolean
);


ALTER TABLE public.colaboradores OWNER TO postgres;

--
-- TOC entry 254 (class 1259 OID 42676)
-- Name: colaboradores_id_colaborador_seq; Type: SEQUENCE; Schema: public; Owner: postgres
--

ALTER TABLE public.colaboradores ALTER COLUMN id_colaborador ADD GENERATED BY DEFAULT AS IDENTITY (
    SEQUENCE NAME public.colaboradores_id_colaborador_seq
    START WITH 1
    INCREMENT BY 1
    NO MINVALUE
    NO MAXVALUE
    CACHE 1
);


--
-- TOC entry 212 (class 1259 OID 42105)
-- Name: consolidaciones; Type: TABLE; Schema: public; Owner: postgres
--

CREATE TABLE public.consolidaciones (
    id_consolidacion integer NOT NULL,
    estado_consolidacion character varying(150),
    periodos date
);


ALTER TABLE public.consolidaciones OWNER TO postgres;

--
-- TOC entry 255 (class 1259 OID 42678)
-- Name: consolidaciones_id_consolidacion_seq; Type: SEQUENCE; Schema: public; Owner: postgres
--

ALTER TABLE public.consolidaciones ALTER COLUMN id_consolidacion ADD GENERATED BY DEFAULT AS IDENTITY (
    SEQUENCE NAME public.consolidaciones_id_consolidacion_seq
    START WITH 1
    INCREMENT BY 1
    NO MINVALUE
    NO MAXVALUE
    CACHE 1
);


--
-- TOC entry 213 (class 1259 OID 42111)
-- Name: dd_jj; Type: TABLE; Schema: public; Owner: postgres
--

CREATE TABLE public.dd_jj (
    id_dep_jerar integer NOT NULL,
    nombre_dep_jerar character varying(150),
    descrip_dep_jerar character varying(300)
);


ALTER TABLE public.dd_jj OWNER TO postgres;

--
-- TOC entry 256 (class 1259 OID 42680)
-- Name: dd_jj_id_dep_jerar_seq; Type: SEQUENCE; Schema: public; Owner: postgres
--

ALTER TABLE public.dd_jj ALTER COLUMN id_dep_jerar ADD GENERATED BY DEFAULT AS IDENTITY (
    SEQUENCE NAME public.dd_jj_id_dep_jerar_seq
    START WITH 1
    INCREMENT BY 1
    NO MINVALUE
    NO MAXVALUE
    CACHE 1
);


--
-- TOC entry 214 (class 1259 OID 42117)
-- Name: departamentos; Type: TABLE; Schema: public; Owner: postgres
--

CREATE TABLE public.departamentos (
    id_departamento integer NOT NULL,
    id_pais integer NOT NULL,
    nombre_departamento character varying(150),
    codigo_departamento character varying(10)
);


ALTER TABLE public.departamentos OWNER TO postgres;

--
-- TOC entry 257 (class 1259 OID 42682)
-- Name: departamentos_id_departamento_seq; Type: SEQUENCE; Schema: public; Owner: postgres
--

ALTER TABLE public.departamentos ALTER COLUMN id_departamento ADD GENERATED BY DEFAULT AS IDENTITY (
    SEQUENCE NAME public.departamentos_id_departamento_seq
    START WITH 1
    INCREMENT BY 1
    NO MINVALUE
    NO MAXVALUE
    CACHE 1
);


--
-- TOC entry 215 (class 1259 OID 42124)
-- Name: distritos; Type: TABLE; Schema: public; Owner: postgres
--

CREATE TABLE public.distritos (
    id_distrito integer NOT NULL,
    id_municipio integer NOT NULL,
    nombre_distrito character varying(300),
    codigo_distrito character varying(10)
);


ALTER TABLE public.distritos OWNER TO postgres;

--
-- TOC entry 258 (class 1259 OID 42684)
-- Name: distritos_id_distrito_seq; Type: SEQUENCE; Schema: public; Owner: postgres
--

ALTER TABLE public.distritos ALTER COLUMN id_distrito ADD GENERATED BY DEFAULT AS IDENTITY (
    SEQUENCE NAME public.distritos_id_distrito_seq
    START WITH 1
    INCREMENT BY 1
    NO MINVALUE
    NO MAXVALUE
    CACHE 1
);


--
-- TOC entry 216 (class 1259 OID 42131)
-- Name: docentes; Type: TABLE; Schema: public; Owner: postgres
--

CREATE TABLE public.docentes (
    id_docente integer NOT NULL,
    id_persona integer,
    id_carrera integer NOT NULL,
    id_cap integer NOT NULL,
    id_unidad_rrhh integer NOT NULL,
    id_g_acad integer NOT NULL
);


ALTER TABLE public.docentes OWNER TO postgres;

--
-- TOC entry 259 (class 1259 OID 42686)
-- Name: docentes_id_docente_seq; Type: SEQUENCE; Schema: public; Owner: postgres
--

ALTER TABLE public.docentes ALTER COLUMN id_docente ADD GENERATED BY DEFAULT AS IDENTITY (
    SEQUENCE NAME public.docentes_id_docente_seq
    START WITH 1
    INCREMENT BY 1
    NO MINVALUE
    NO MAXVALUE
    CACHE 1
);


--
-- TOC entry 217 (class 1259 OID 42142)
-- Name: equipos_tic; Type: TABLE; Schema: public; Owner: postgres
--

CREATE TABLE public.equipos_tic (
    id_equipo integer NOT NULL,
    id_proyecto integer NOT NULL,
    tipo_equipo character varying(150),
    codigo_equipo character varying(25),
    cantidad_equipo integer,
    ubicacion_equipo character varying(300),
    fecha_compra date,
    descripcion_equipo character varying(300)
);


ALTER TABLE public.equipos_tic OWNER TO postgres;

--
-- TOC entry 260 (class 1259 OID 42688)
-- Name: equipos_tic_id_equipo_seq; Type: SEQUENCE; Schema: public; Owner: postgres
--

ALTER TABLE public.equipos_tic ALTER COLUMN id_equipo ADD GENERATED BY DEFAULT AS IDENTITY (
    SEQUENCE NAME public.equipos_tic_id_equipo_seq
    START WITH 1
    INCREMENT BY 1
    NO MINVALUE
    NO MAXVALUE
    CACHE 1
);


--
-- TOC entry 218 (class 1259 OID 42152)
-- Name: estados_forms; Type: TABLE; Schema: public; Owner: postgres
--

CREATE TABLE public.estados_forms (
    id_e_form integer NOT NULL,
    id_form integer NOT NULL,
    id_consolidacion integer NOT NULL,
    nombre_e_form character varying(150),
    descripcion_e_form character varying(300)
);


ALTER TABLE public.estados_forms OWNER TO postgres;

--
-- TOC entry 261 (class 1259 OID 42690)
-- Name: estados_forms_id_e_form_seq; Type: SEQUENCE; Schema: public; Owner: postgres
--

ALTER TABLE public.estados_forms ALTER COLUMN id_e_form ADD GENERATED BY DEFAULT AS IDENTITY (
    SEQUENCE NAME public.estados_forms_id_e_form_seq
    START WITH 1
    INCREMENT BY 1
    NO MINVALUE
    NO MAXVALUE
    CACHE 1
);


--
-- TOC entry 219 (class 1259 OID 42160)
-- Name: facultades; Type: TABLE; Schema: public; Owner: postgres
--

CREATE TABLE public.facultades (
    id_facultad integer NOT NULL,
    id_consolidacion integer NOT NULL,
    nombre_facultad character varying(300),
    descripcion_facultad character varying(300),
    codigo_facultad character varying(25)
);


ALTER TABLE public.facultades OWNER TO postgres;

--
-- TOC entry 262 (class 1259 OID 42692)
-- Name: facultades_id_facultad_seq; Type: SEQUENCE; Schema: public; Owner: postgres
--

ALTER TABLE public.facultades ALTER COLUMN id_facultad ADD GENERATED BY DEFAULT AS IDENTITY (
    SEQUENCE NAME public.facultades_id_facultad_seq
    START WITH 1
    INCREMENT BY 1
    NO MINVALUE
    NO MAXVALUE
    CACHE 1
);


--
-- TOC entry 294 (class 1259 OID 42775)
-- Name: failed_jobs; Type: TABLE; Schema: public; Owner: postgres
--

CREATE TABLE public.failed_jobs (
    id bigint NOT NULL,
    uuid character varying(255) NOT NULL,
    connection text NOT NULL,
    queue text NOT NULL,
    payload text NOT NULL,
    exception text NOT NULL,
    failed_at timestamp(0) without time zone DEFAULT CURRENT_TIMESTAMP NOT NULL
);


ALTER TABLE public.failed_jobs OWNER TO postgres;

--
-- TOC entry 293 (class 1259 OID 42773)
-- Name: failed_jobs_id_seq; Type: SEQUENCE; Schema: public; Owner: postgres
--

CREATE SEQUENCE public.failed_jobs_id_seq
    START WITH 1
    INCREMENT BY 1
    NO MINVALUE
    NO MAXVALUE
    CACHE 1;


ALTER TABLE public.failed_jobs_id_seq OWNER TO postgres;

--
-- TOC entry 3458 (class 0 OID 0)
-- Dependencies: 293
-- Name: failed_jobs_id_seq; Type: SEQUENCE OWNED BY; Schema: public; Owner: postgres
--

ALTER SEQUENCE public.failed_jobs_id_seq OWNED BY public.failed_jobs.id;


--
-- TOC entry 220 (class 1259 OID 42170)
-- Name: forms; Type: TABLE; Schema: public; Owner: postgres
--

CREATE TABLE public.forms (
    id_form integer NOT NULL,
    id_t_form integer NOT NULL,
    id_cierre_periodo_ integer NOT NULL,
    codigo_form character varying(25),
    descripcion_form character varying(300),
    fecha_creacion_form date
);


ALTER TABLE public.forms OWNER TO postgres;

--
-- TOC entry 263 (class 1259 OID 42694)
-- Name: forms_id_form_seq; Type: SEQUENCE; Schema: public; Owner: postgres
--

ALTER TABLE public.forms ALTER COLUMN id_form ADD GENERATED BY DEFAULT AS IDENTITY (
    SEQUENCE NAME public.forms_id_form_seq
    START WITH 1
    INCREMENT BY 1
    NO MINVALUE
    NO MAXVALUE
    CACHE 1
);


--
-- TOC entry 221 (class 1259 OID 42178)
-- Name: gastos_rrff; Type: TABLE; Schema: public; Owner: postgres
--

CREATE TABLE public.gastos_rrff (
    id_gasto integer NOT NULL,
    id_unidad_rrff integer NOT NULL,
    codigo_gasto character varying(25),
    monto_gasto numeric(150,2),
    nombre_gasto character varying(150)
);


ALTER TABLE public.gastos_rrff OWNER TO postgres;

--
-- TOC entry 264 (class 1259 OID 42696)
-- Name: gastos_rrff_id_gasto_seq; Type: SEQUENCE; Schema: public; Owner: postgres
--

ALTER TABLE public.gastos_rrff ALTER COLUMN id_gasto ADD GENERATED BY DEFAULT AS IDENTITY (
    SEQUENCE NAME public.gastos_rrff_id_gasto_seq
    START WITH 1
    INCREMENT BY 1
    NO MINVALUE
    NO MAXVALUE
    CACHE 1
);


--
-- TOC entry 222 (class 1259 OID 42185)
-- Name: grados_academicos; Type: TABLE; Schema: public; Owner: postgres
--

CREATE TABLE public.grados_academicos (
    id_g_acad integer NOT NULL,
    id_acronimo integer NOT NULL,
    titulo_g_acad character varying(150),
    decripcion_g_acad character varying(300)
);


ALTER TABLE public.grados_academicos OWNER TO postgres;

--
-- TOC entry 265 (class 1259 OID 42698)
-- Name: grados_academicos_id_g_acad_seq; Type: SEQUENCE; Schema: public; Owner: postgres
--

ALTER TABLE public.grados_academicos ALTER COLUMN id_g_acad ADD GENERATED BY DEFAULT AS IDENTITY (
    SEQUENCE NAME public.grados_academicos_id_g_acad_seq
    START WITH 1
    INCREMENT BY 1
    NO MINVALUE
    NO MAXVALUE
    CACHE 1
);


--
-- TOC entry 223 (class 1259 OID 42192)
-- Name: indicadores; Type: TABLE; Schema: public; Owner: postgres
--

CREATE TABLE public.indicadores (
    id_indicador integer NOT NULL,
    id_proyecto integer NOT NULL,
    codigo_indicador character varying(36),
    titulo_indicador character varying(150),
    descripcion_indicador character varying(300),
    fecha_elab_indicador date
);


ALTER TABLE public.indicadores OWNER TO postgres;

--
-- TOC entry 266 (class 1259 OID 42700)
-- Name: indicadores_id_indicador_seq; Type: SEQUENCE; Schema: public; Owner: postgres
--

ALTER TABLE public.indicadores ALTER COLUMN id_indicador ADD GENERATED BY DEFAULT AS IDENTITY (
    SEQUENCE NAME public.indicadores_id_indicador_seq
    START WITH 1
    INCREMENT BY 1
    NO MINVALUE
    NO MAXVALUE
    CACHE 1
);


--
-- TOC entry 224 (class 1259 OID 42199)
-- Name: investigadores; Type: TABLE; Schema: public; Owner: postgres
--

CREATE TABLE public.investigadores (
    id_invest integer NOT NULL,
    id_persona integer,
    id_unidad integer,
    id_carrera integer NOT NULL,
    id_unidad_rrhh integer NOT NULL,
    id_cap integer NOT NULL,
    id_g_acad integer NOT NULL
);


ALTER TABLE public.investigadores OWNER TO postgres;

--
-- TOC entry 267 (class 1259 OID 42702)
-- Name: investigadores_id_invest_seq; Type: SEQUENCE; Schema: public; Owner: postgres
--

ALTER TABLE public.investigadores ALTER COLUMN id_invest ADD GENERATED BY DEFAULT AS IDENTITY (
    SEQUENCE NAME public.investigadores_id_invest_seq
    START WITH 1
    INCREMENT BY 1
    NO MINVALUE
    NO MAXVALUE
    CACHE 1
);


--
-- TOC entry 225 (class 1259 OID 42211)
-- Name: libros; Type: TABLE; Schema: public; Owner: postgres
--

CREATE TABLE public.libros (
    id_libro integer NOT NULL,
    isbn_libro character varying(25),
    fecha_publicacion_libro date,
    capitulo_libro character varying(150)
);


ALTER TABLE public.libros OWNER TO postgres;

--
-- TOC entry 268 (class 1259 OID 42704)
-- Name: libros_id_libro_seq; Type: SEQUENCE; Schema: public; Owner: postgres
--

ALTER TABLE public.libros ALTER COLUMN id_libro ADD GENERATED BY DEFAULT AS IDENTITY (
    SEQUENCE NAME public.libros_id_libro_seq
    START WITH 1
    INCREMENT BY 1
    NO MINVALUE
    NO MAXVALUE
    CACHE 1
);


--
-- TOC entry 226 (class 1259 OID 42217)
-- Name: lineas_investigaciones; Type: TABLE; Schema: public; Owner: postgres
--

CREATE TABLE public.lineas_investigaciones (
    id_l_de_invest integer NOT NULL,
    nombre_l_invest character varying(150),
    descripcion_l_invest character varying(300),
    codigo_l_invest character varying(25)
);


ALTER TABLE public.lineas_investigaciones OWNER TO postgres;

--
-- TOC entry 269 (class 1259 OID 42706)
-- Name: lineas_investigaciones_id_l_de_invest_seq; Type: SEQUENCE; Schema: public; Owner: postgres
--

ALTER TABLE public.lineas_investigaciones ALTER COLUMN id_l_de_invest ADD GENERATED BY DEFAULT AS IDENTITY (
    SEQUENCE NAME public.lineas_investigaciones_id_l_de_invest_seq
    START WITH 1
    INCREMENT BY 1
    NO MINVALUE
    NO MAXVALUE
    CACHE 1
);


--
-- TOC entry 227 (class 1259 OID 42223)
-- Name: loc_de_uu; Type: TABLE; Schema: public; Owner: postgres
--

CREATE TABLE public.loc_de_uu (
    id_locacion integer NOT NULL,
    id_proyecto integer NOT NULL,
    id_t_infra integer,
    area_locacion numeric(150,2),
    simbolo_area character varying(25)
);


ALTER TABLE public.loc_de_uu OWNER TO postgres;

--
-- TOC entry 270 (class 1259 OID 42708)
-- Name: loc_de_uu_id_locacion_seq; Type: SEQUENCE; Schema: public; Owner: postgres
--

ALTER TABLE public.loc_de_uu ALTER COLUMN id_locacion ADD GENERATED BY DEFAULT AS IDENTITY (
    SEQUENCE NAME public.loc_de_uu_id_locacion_seq
    START WITH 1
    INCREMENT BY 1
    NO MINVALUE
    NO MAXVALUE
    CACHE 1
);


--
-- TOC entry 228 (class 1259 OID 42231)
-- Name: medios_de_publicacion; Type: TABLE; Schema: public; Owner: postgres
--

CREATE TABLE public.medios_de_publicacion (
    id_medio_publicacion integer NOT NULL,
    id_publicacion integer NOT NULL,
    id_articulo integer NOT NULL,
    id_libro integer NOT NULL,
    id_revista integer NOT NULL,
    titulo_medio_publicacion character varying(150),
    enlace_medio_publicacion character varying(300),
    fecha_de_publicacion date
);


ALTER TABLE public.medios_de_publicacion OWNER TO postgres;

--
-- TOC entry 271 (class 1259 OID 42710)
-- Name: medios_de_publicacion_id_medio_publicacion_seq; Type: SEQUENCE; Schema: public; Owner: postgres
--

ALTER TABLE public.medios_de_publicacion ALTER COLUMN id_medio_publicacion ADD GENERATED BY DEFAULT AS IDENTITY (
    SEQUENCE NAME public.medios_de_publicacion_id_medio_publicacion_seq
    START WITH 1
    INCREMENT BY 1
    NO MINVALUE
    NO MAXVALUE
    CACHE 1
);


--
-- TOC entry 289 (class 1259 OID 42747)
-- Name: migrations; Type: TABLE; Schema: public; Owner: postgres
--

CREATE TABLE public.migrations (
    id integer NOT NULL,
    migration character varying(255) NOT NULL,
    batch integer NOT NULL
);


ALTER TABLE public.migrations OWNER TO postgres;

--
-- TOC entry 288 (class 1259 OID 42745)
-- Name: migrations_id_seq; Type: SEQUENCE; Schema: public; Owner: postgres
--

CREATE SEQUENCE public.migrations_id_seq
    AS integer
    START WITH 1
    INCREMENT BY 1
    NO MINVALUE
    NO MAXVALUE
    CACHE 1;


ALTER TABLE public.migrations_id_seq OWNER TO postgres;

--
-- TOC entry 3459 (class 0 OID 0)
-- Dependencies: 288
-- Name: migrations_id_seq; Type: SEQUENCE OWNED BY; Schema: public; Owner: postgres
--

ALTER SEQUENCE public.migrations_id_seq OWNED BY public.migrations.id;


--
-- TOC entry 229 (class 1259 OID 42241)
-- Name: municipios; Type: TABLE; Schema: public; Owner: postgres
--

CREATE TABLE public.municipios (
    id_municipio integer NOT NULL,
    id_departamento integer NOT NULL,
    nombre_municipio character varying(150),
    codigo_municipio character varying(10)
);


ALTER TABLE public.municipios OWNER TO postgres;

--
-- TOC entry 272 (class 1259 OID 42712)
-- Name: municipios_id_municipio_seq; Type: SEQUENCE; Schema: public; Owner: postgres
--

ALTER TABLE public.municipios ALTER COLUMN id_municipio ADD GENERATED BY DEFAULT AS IDENTITY (
    SEQUENCE NAME public.municipios_id_municipio_seq
    START WITH 1
    INCREMENT BY 1
    NO MINVALUE
    NO MAXVALUE
    CACHE 1
);


--
-- TOC entry 230 (class 1259 OID 42248)
-- Name: objetivos_de_proyecto; Type: TABLE; Schema: public; Owner: postgres
--

CREATE TABLE public.objetivos_de_proyecto (
    id_objetivo integer NOT NULL,
    titulo_objetivo character varying(150),
    descripcion_objetivo character varying(300)
);


ALTER TABLE public.objetivos_de_proyecto OWNER TO postgres;

--
-- TOC entry 273 (class 1259 OID 42714)
-- Name: objetivos_de_proyecto_id_objetivo_seq; Type: SEQUENCE; Schema: public; Owner: postgres
--

ALTER TABLE public.objetivos_de_proyecto ALTER COLUMN id_objetivo ADD GENERATED BY DEFAULT AS IDENTITY (
    SEQUENCE NAME public.objetivos_de_proyecto_id_objetivo_seq
    START WITH 1
    INCREMENT BY 1
    NO MINVALUE
    NO MAXVALUE
    CACHE 1
);


--
-- TOC entry 231 (class 1259 OID 42254)
-- Name: paises; Type: TABLE; Schema: public; Owner: postgres
--

CREATE TABLE public.paises (
    id_pais integer NOT NULL,
    nombre_pais character varying(150),
    codigo_pais character varying(10)
);


ALTER TABLE public.paises OWNER TO postgres;

--
-- TOC entry 274 (class 1259 OID 42716)
-- Name: paises_id_pais_seq; Type: SEQUENCE; Schema: public; Owner: postgres
--

ALTER TABLE public.paises ALTER COLUMN id_pais ADD GENERATED BY DEFAULT AS IDENTITY (
    SEQUENCE NAME public.paises_id_pais_seq
    START WITH 1
    INCREMENT BY 1
    NO MINVALUE
    NO MAXVALUE
    CACHE 1
);


--
-- TOC entry 292 (class 1259 OID 42766)
-- Name: password_resets; Type: TABLE; Schema: public; Owner: postgres
--

CREATE TABLE public.password_resets (
    email character varying(255) NOT NULL,
    token character varying(255) NOT NULL,
    created_at timestamp(0) without time zone
);


ALTER TABLE public.password_resets OWNER TO postgres;

--
-- TOC entry 232 (class 1259 OID 42260)
-- Name: patentes; Type: TABLE; Schema: public; Owner: postgres
--

CREATE TABLE public.patentes (
    id_patente integer NOT NULL,
    id_publicacion integer NOT NULL,
    codigo_patente character varying(50),
    nombre_patente character varying(150),
    estado_patente integer,
    fecha_inicio_patente date,
    fecha_fin_patente date,
    tipo_patente character varying(50)
);


ALTER TABLE public.patentes OWNER TO postgres;

--
-- TOC entry 275 (class 1259 OID 42718)
-- Name: patentes_id_patente_seq; Type: SEQUENCE; Schema: public; Owner: postgres
--

ALTER TABLE public.patentes ALTER COLUMN id_patente ADD GENERATED BY DEFAULT AS IDENTITY (
    SEQUENCE NAME public.patentes_id_patente_seq
    START WITH 1
    INCREMENT BY 1
    NO MINVALUE
    NO MAXVALUE
    CACHE 1
);


--
-- TOC entry 233 (class 1259 OID 42267)
-- Name: personas; Type: TABLE; Schema: public; Owner: postgres
--

CREATE TABLE public.personas (
    id_persona integer NOT NULL,
    id_pais integer NOT NULL,
    nombre_persona character varying(150),
    apellido_persona character varying(150),
    telefono_persona character varying(8),
    correo_persona character varying(150),
    genero_persona boolean,
    direccion_persona character varying(300),
    edad_persona integer
);


ALTER TABLE public.personas OWNER TO postgres;

--
-- TOC entry 276 (class 1259 OID 42720)
-- Name: personas_id_persona_seq; Type: SEQUENCE; Schema: public; Owner: postgres
--

ALTER TABLE public.personas ALTER COLUMN id_persona ADD GENERATED BY DEFAULT AS IDENTITY (
    SEQUENCE NAME public.personas_id_persona_seq
    START WITH 1
    INCREMENT BY 1
    NO MINVALUE
    NO MAXVALUE
    CACHE 1
);


--
-- TOC entry 234 (class 1259 OID 42277)
-- Name: ponencias; Type: TABLE; Schema: public; Owner: postgres
--

CREATE TABLE public.ponencias (
    id_ponencia integer NOT NULL,
    id_publicacion integer NOT NULL,
    nombre_ponencia character varying(150),
    direccion_ponencia character varying(300),
    fecha_ponencia date
);


ALTER TABLE public.ponencias OWNER TO postgres;

--
-- TOC entry 277 (class 1259 OID 42722)
-- Name: ponencias_id_ponencia_seq; Type: SEQUENCE; Schema: public; Owner: postgres
--

ALTER TABLE public.ponencias ALTER COLUMN id_ponencia ADD GENERATED BY DEFAULT AS IDENTITY (
    SEQUENCE NAME public.ponencias_id_ponencia_seq
    START WITH 1
    INCREMENT BY 1
    NO MINVALUE
    NO MAXVALUE
    CACHE 1
);


--
-- TOC entry 235 (class 1259 OID 42284)
-- Name: presupuestos_rrff; Type: TABLE; Schema: public; Owner: postgres
--

CREATE TABLE public.presupuestos_rrff (
    id_presupuesto integer NOT NULL,
    id_unidad_rrff integer NOT NULL,
    monto_presupuesto numeric(150,2),
    codigo_presupuesto character varying(25),
    nombre_presupuesto character varying(150)
);


ALTER TABLE public.presupuestos_rrff OWNER TO postgres;

--
-- TOC entry 278 (class 1259 OID 42724)
-- Name: presupuestos_rrff_id_presupuesto_seq; Type: SEQUENCE; Schema: public; Owner: postgres
--

ALTER TABLE public.presupuestos_rrff ALTER COLUMN id_presupuesto ADD GENERATED BY DEFAULT AS IDENTITY (
    SEQUENCE NAME public.presupuestos_rrff_id_presupuesto_seq
    START WITH 1
    INCREMENT BY 1
    NO MINVALUE
    NO MAXVALUE
    CACHE 1
);


--
-- TOC entry 236 (class 1259 OID 42291)
-- Name: proyectos; Type: TABLE; Schema: public; Owner: postgres
--

CREATE TABLE public.proyectos (
    id_proyecto integer NOT NULL,
    id_area_conocimiento integer NOT NULL,
    id_l_de_invest integer NOT NULL,
    id_unidad integer NOT NULL,
    id_objetivo integer NOT NULL,
    id_facultad integer NOT NULL,
    id_unidad_rrhh integer NOT NULL,
    nombre_proyecto character varying(150),
    descripcion_proyecto character varying(250),
    codigo_proyecto_sicues character varying(25),
    codigo_proyecto_facultad character varying(25),
    fecha_inicio_proyecto date,
    fecha_fin_proyecto date
);


ALTER TABLE public.proyectos OWNER TO postgres;

--
-- TOC entry 279 (class 1259 OID 42726)
-- Name: proyectos_id_proyecto_seq; Type: SEQUENCE; Schema: public; Owner: postgres
--

ALTER TABLE public.proyectos ALTER COLUMN id_proyecto ADD GENERATED BY DEFAULT AS IDENTITY (
    SEQUENCE NAME public.proyectos_id_proyecto_seq
    START WITH 1
    INCREMENT BY 1
    NO MINVALUE
    NO MAXVALUE
    CACHE 1
);


--
-- TOC entry 237 (class 1259 OID 42303)
-- Name: publicaciones; Type: TABLE; Schema: public; Owner: postgres
--

CREATE TABLE public.publicaciones (
    id_publicacion integer NOT NULL,
    id_proyecto integer NOT NULL,
    estado_publicacion integer
);


ALTER TABLE public.publicaciones OWNER TO postgres;

--
-- TOC entry 280 (class 1259 OID 42728)
-- Name: publicaciones_id_publicacion_seq; Type: SEQUENCE; Schema: public; Owner: postgres
--

ALTER TABLE public.publicaciones ALTER COLUMN id_publicacion ADD GENERATED BY DEFAULT AS IDENTITY (
    SEQUENCE NAME public.publicaciones_id_publicacion_seq
    START WITH 1
    INCREMENT BY 1
    NO MINVALUE
    NO MAXVALUE
    CACHE 1
);


--
-- TOC entry 238 (class 1259 OID 42310)
-- Name: recursos_tic; Type: TABLE; Schema: public; Owner: postgres
--

CREATE TABLE public.recursos_tic (
    id_recurso integer NOT NULL,
    id_proyecto integer NOT NULL,
    nombre_recurso character varying(150),
    tipo_recurso character varying(150),
    descripcion_recurso character varying(300)
);


ALTER TABLE public.recursos_tic OWNER TO postgres;

--
-- TOC entry 281 (class 1259 OID 42730)
-- Name: recursos_tic_id_recurso_seq; Type: SEQUENCE; Schema: public; Owner: postgres
--

ALTER TABLE public.recursos_tic ALTER COLUMN id_recurso ADD GENERATED BY DEFAULT AS IDENTITY (
    SEQUENCE NAME public.recursos_tic_id_recurso_seq
    START WITH 1
    INCREMENT BY 1
    NO MINVALUE
    NO MAXVALUE
    CACHE 1
);


--
-- TOC entry 239 (class 1259 OID 42320)
-- Name: revistas_cientificas; Type: TABLE; Schema: public; Owner: postgres
--

CREATE TABLE public.revistas_cientificas (
    id_revista integer NOT NULL,
    codigo_revista character varying(25),
    fecha_publicacion_revista date
);


ALTER TABLE public.revistas_cientificas OWNER TO postgres;

--
-- TOC entry 282 (class 1259 OID 42732)
-- Name: revistas_cientificas_id_revista_seq; Type: SEQUENCE; Schema: public; Owner: postgres
--

ALTER TABLE public.revistas_cientificas ALTER COLUMN id_revista ADD GENERATED BY DEFAULT AS IDENTITY (
    SEQUENCE NAME public.revistas_cientificas_id_revista_seq
    START WITH 1
    INCREMENT BY 1
    NO MINVALUE
    NO MAXVALUE
    CACHE 1
);


--
-- TOC entry 241 (class 1259 OID 42332)
-- Name: t_infraestructuras; Type: TABLE; Schema: public; Owner: postgres
--

CREATE TABLE public.t_infraestructuras (
    id_t_infra integer NOT NULL,
    nombre_t_infra character varying(150),
    descrip_t_infra character varying(300)
);


ALTER TABLE public.t_infraestructuras OWNER TO postgres;

--
-- TOC entry 283 (class 1259 OID 42734)
-- Name: t_infraestructuras_id_t_infra_seq; Type: SEQUENCE; Schema: public; Owner: postgres
--

ALTER TABLE public.t_infraestructuras ALTER COLUMN id_t_infra ADD GENERATED BY DEFAULT AS IDENTITY (
    SEQUENCE NAME public.t_infraestructuras_id_t_infra_seq
    START WITH 1
    INCREMENT BY 1
    NO MINVALUE
    NO MAXVALUE
    CACHE 1
);


--
-- TOC entry 240 (class 1259 OID 42326)
-- Name: tipos_formularios; Type: TABLE; Schema: public; Owner: postgres
--

CREATE TABLE public.tipos_formularios (
    id_t_form integer NOT NULL,
    nombre_t_form character varying(150)
);


ALTER TABLE public.tipos_formularios OWNER TO postgres;

--
-- TOC entry 284 (class 1259 OID 42736)
-- Name: tipos_formularios_id_t_form_seq; Type: SEQUENCE; Schema: public; Owner: postgres
--

ALTER TABLE public.tipos_formularios ALTER COLUMN id_t_form ADD GENERATED BY DEFAULT AS IDENTITY (
    SEQUENCE NAME public.tipos_formularios_id_t_form_seq
    START WITH 1
    INCREMENT BY 1
    NO MINVALUE
    NO MAXVALUE
    CACHE 1
);


--
-- TOC entry 242 (class 1259 OID 42338)
-- Name: unidades_rrff; Type: TABLE; Schema: public; Owner: postgres
--

CREATE TABLE public.unidades_rrff (
    id_unidad_rrff integer NOT NULL,
    nombre_unidad_rrff character varying(150)
);


ALTER TABLE public.unidades_rrff OWNER TO postgres;

--
-- TOC entry 285 (class 1259 OID 42738)
-- Name: unidades_rrff_id_unidad_rrff_seq; Type: SEQUENCE; Schema: public; Owner: postgres
--

ALTER TABLE public.unidades_rrff ALTER COLUMN id_unidad_rrff ADD GENERATED BY DEFAULT AS IDENTITY (
    SEQUENCE NAME public.unidades_rrff_id_unidad_rrff_seq
    START WITH 1
    INCREMENT BY 1
    NO MINVALUE
    NO MAXVALUE
    CACHE 1
);


--
-- TOC entry 243 (class 1259 OID 42344)
-- Name: unidades_rrhh; Type: TABLE; Schema: public; Owner: postgres
--

CREATE TABLE public.unidades_rrhh (
    id_unidad_rrhh integer NOT NULL,
    nombre_unidad_rrhh character varying(150)
);


ALTER TABLE public.unidades_rrhh OWNER TO postgres;

--
-- TOC entry 286 (class 1259 OID 42740)
-- Name: unidades_rrhh_id_unidad_rrhh_seq; Type: SEQUENCE; Schema: public; Owner: postgres
--

ALTER TABLE public.unidades_rrhh ALTER COLUMN id_unidad_rrhh ADD GENERATED BY DEFAULT AS IDENTITY (
    SEQUENCE NAME public.unidades_rrhh_id_unidad_rrhh_seq
    START WITH 1
    INCREMENT BY 1
    NO MINVALUE
    NO MAXVALUE
    CACHE 1
);


--
-- TOC entry 291 (class 1259 OID 42755)
-- Name: users; Type: TABLE; Schema: public; Owner: postgres
--

CREATE TABLE public.users (
    id bigint NOT NULL,
    name character varying(255) NOT NULL,
    email character varying(255) NOT NULL,
    email_verified_at timestamp(0) without time zone,
    password character varying(255) NOT NULL,
    remember_token character varying(100),
    created_at timestamp(0) without time zone,
    updated_at timestamp(0) without time zone
);


ALTER TABLE public.users OWNER TO postgres;

--
-- TOC entry 290 (class 1259 OID 42753)
-- Name: users_id_seq; Type: SEQUENCE; Schema: public; Owner: postgres
--

CREATE SEQUENCE public.users_id_seq
    START WITH 1
    INCREMENT BY 1
    NO MINVALUE
    NO MAXVALUE
    CACHE 1;


ALTER TABLE public.users_id_seq OWNER TO postgres;

--
-- TOC entry 3460 (class 0 OID 0)
-- Dependencies: 290
-- Name: users_id_seq; Type: SEQUENCE OWNED BY; Schema: public; Owner: postgres
--

ALTER SEQUENCE public.users_id_seq OWNED BY public.users.id;


--
-- TOC entry 244 (class 1259 OID 42350)
-- Name: uu_de_invest; Type: TABLE; Schema: public; Owner: postgres
--

CREATE TABLE public.uu_de_invest (
    id_unidad integer NOT NULL,
    id_unidad_rrff integer NOT NULL,
    id_dep_jerar integer NOT NULL,
    id_form integer NOT NULL,
    nombre_unidad character varying(300),
    direccion_unidad character varying(300),
    fecha_fundacion date,
    telefono_unidad character varying(8)
);


ALTER TABLE public.uu_de_invest OWNER TO postgres;

--
-- TOC entry 287 (class 1259 OID 42743)
-- Name: uu_de_invest_id_unidad_seq; Type: SEQUENCE; Schema: public; Owner: postgres
--

ALTER TABLE public.uu_de_invest ALTER COLUMN id_unidad ADD GENERATED BY DEFAULT AS IDENTITY (
    SEQUENCE NAME public.uu_de_invest_id_unidad_seq
    START WITH 1
    INCREMENT BY 1
    NO MINVALUE
    NO MAXVALUE
    CACHE 1
);


--
-- TOC entry 2974 (class 2604 OID 42778)
-- Name: failed_jobs id; Type: DEFAULT; Schema: public; Owner: postgres
--

ALTER TABLE ONLY public.failed_jobs ALTER COLUMN id SET DEFAULT nextval('public.failed_jobs_id_seq'::regclass);


--
-- TOC entry 2972 (class 2604 OID 42750)
-- Name: migrations id; Type: DEFAULT; Schema: public; Owner: postgres
--

ALTER TABLE ONLY public.migrations ALTER COLUMN id SET DEFAULT nextval('public.migrations_id_seq'::regclass);


--
-- TOC entry 2973 (class 2604 OID 42758)
-- Name: users id; Type: DEFAULT; Schema: public; Owner: postgres
--

ALTER TABLE ONLY public.users ALTER COLUMN id SET DEFAULT nextval('public.users_id_seq'::regclass);


--
-- TOC entry 3360 (class 0 OID 42027)
-- Dependencies: 202
-- Data for Name: aa_de_uu; Type: TABLE DATA; Schema: public; Owner: postgres
--

COPY public.aa_de_uu (id_autoridad_unidad, id_persona, id_unidad, id_carrera, id_g_acad, id_cargo, autoridad_superior) FROM stdin;
1	1	2	1	1	1	1
\.


--
-- TOC entry 3361 (class 0 OID 42038)
-- Dependencies: 203
-- Data for Name: acronimos; Type: TABLE DATA; Schema: public; Owner: postgres
--

COPY public.acronimos (id_acronimo, nombre_acronimo, codigo_acronimo, descripcion_acronimo) FROM stdin;
1	INGENIERIA EN SISTEMAS	ING. SIS	PENDIENTE
2	INGENIERIA INFORMATICA	ING. INF	PENDIENTE
3	INGENIERIA INDUSTRIAL	ING. IND	PENDIENTE
4	INGENIERIA ELECTRICA	ING. ELC	PENDIENTE
5	INGENIERIA CIVIL	ING. CIV	PENDIENTE
6	INGENIERIA MECANICA	ING. MEC	PENDIENTE
7	INGENIERIA QUIMICA	ING. QUI	PENDIENTE
8	INGENIERIA EN ALIMENTOS	ING. ALI	PENDIENTE
9	INGENIERIA AGRONOMICA	ING. AGR	PENDIENTE
10	ARQUITECTURA	ARQ	PENDIENTE
11	MAESTRIA EN ADMINISTRACION DE NEGOCIOS	MBA	PENDIENTE
12	MAESTRIA EN CIENCIAS	MSc	PENDIENTE
13	MAESTRIA EN ARTES	MA	PENDIENTE
14	MAESTRIA EN MEDICINA	MEd	PENDIENTE
15	MAESTRIA EN DERECHOS	LLM	PENDIENTE
16	DOCTORADO EN FILOSOFIA	PhD	PENDIENTE
17	DOCTORADO EN INGENIERIA	EngD	PENDIENTE
18	DOCTORADO EN MEDICINA	MD	PENDIENTE
\.


--
-- TOC entry 3362 (class 0 OID 42044)
-- Dependencies: 204
-- Data for Name: actividades_de_proyectos; Type: TABLE DATA; Schema: public; Owner: postgres
--

COPY public.actividades_de_proyectos (id_actividad, id_proyecto, nombre_actividad, descripcion_actividad, fecha_inicio_actividad, fecha_fin_actividad) FROM stdin;
\.


--
-- TOC entry 3363 (class 0 OID 42051)
-- Dependencies: 205
-- Data for Name: areas_de_conocimientos; Type: TABLE DATA; Schema: public; Owner: postgres
--

COPY public.areas_de_conocimientos (id_area_conocimiento, codigo_area_conocimiento, nombre_area_conocimiento, descripcion_area_conocimiento) FROM stdin;
1	AC-0001	Ciencias de la Computacion	N/A
\.


--
-- TOC entry 3364 (class 0 OID 42057)
-- Dependencies: 206
-- Data for Name: articulos; Type: TABLE DATA; Schema: public; Owner: postgres
--

COPY public.articulos (id_articulo, codigo_articulo, fecha_publicacion_articulo) FROM stdin;
\.


--
-- TOC entry 3365 (class 0 OID 42063)
-- Dependencies: 207
-- Data for Name: capacitaciones; Type: TABLE DATA; Schema: public; Owner: postgres
--

COPY public.capacitaciones (id_cap, id_pais, codigo_capacitacion, nombre_capacitacion, tipo_capacitacion, descrip_capacitacion, duracion_capacitacion) FROM stdin;
2	1	C-00001	Postgrado en Ciencia de Datos	1	Descripcion pendiente	6 meses
\.


--
-- TOC entry 3366 (class 0 OID 42073)
-- Dependencies: 208
-- Data for Name: cargos; Type: TABLE DATA; Schema: public; Owner: postgres
--

COPY public.cargos (id_cargo, nombre_cargo, descripcion_cargo) FROM stdin;
1	JEFE DE UNIDAD	PENDIENTE
\.


--
-- TOC entry 3367 (class 0 OID 42079)
-- Dependencies: 209
-- Data for Name: carreras; Type: TABLE DATA; Schema: public; Owner: postgres
--

COPY public.carreras (id_carrera, id_facultad, id_acronimo, codigo_carrera, nombre_carrera, descripcion_carrera) FROM stdin;
1	1	1	I10515	INGENIERIA EN SISTEMAS INFORMATICOS	PENDIENTE
2	1	10	A10507	ARQUITECTURA	PENDIENTE
3	1	5	I10501	INGENIERIA CIVIL	PENDIENTE
4	1	3	I10502	INGENIERIA INDUSTRIAL	PENDIENTE
5	1	6	I10503	INGENIERIA MECANICA	PENDIENTE
6	1	4	I10504	INGENIERIA ELECTRICA	PENDIENTE
7	1	7	I10506	INGENIERIA QUIMICA	PENDIENTE
8	1	8	I10511	INGENIERIA DE ALIMENTOS	PENDIENTE
\.


--
-- TOC entry 3368 (class 0 OID 42087)
-- Dependencies: 210
-- Data for Name: cc_periodos_; Type: TABLE DATA; Schema: public; Owner: postgres
--

COPY public.cc_periodos_ (id_cierre_periodo_, id_consolidacion, estado_periodo_, fecha_periodo_) FROM stdin;
1	1	1	2024-07-01
\.


--
-- TOC entry 3369 (class 0 OID 42094)
-- Dependencies: 211
-- Data for Name: colaboradores; Type: TABLE DATA; Schema: public; Owner: postgres
--

COPY public.colaboradores (id_colaborador, id_persona, id_carrera, id_cap, id_unidad_rrhh, id_g_acad, tipo_colaborador) FROM stdin;
\.


--
-- TOC entry 3370 (class 0 OID 42105)
-- Dependencies: 212
-- Data for Name: consolidaciones; Type: TABLE DATA; Schema: public; Owner: postgres
--

COPY public.consolidaciones (id_consolidacion, estado_consolidacion, periodos) FROM stdin;
1	inicial	2024-02-29
\.


--
-- TOC entry 3371 (class 0 OID 42111)
-- Dependencies: 213
-- Data for Name: dd_jj; Type: TABLE DATA; Schema: public; Owner: postgres
--

COPY public.dd_jj (id_dep_jerar, nombre_dep_jerar, descrip_dep_jerar) FROM stdin;
2	VICERECTORIA	ASDD
3	VICEDECANATO	N/A
\.


--
-- TOC entry 3372 (class 0 OID 42117)
-- Dependencies: 214
-- Data for Name: departamentos; Type: TABLE DATA; Schema: public; Owner: postgres
--

COPY public.departamentos (id_departamento, id_pais, nombre_departamento, codigo_departamento) FROM stdin;
1	1	AHUACHAPAN	SV-AH
2	1	CABAÑAS	SV-CA
3	1	CHALATENANGO	SV-CH
4	1	CUSCATLAN	SV-CU
5	1	LA LIBERTAD	SV-Ll
6	1	MORAZAN	SV-MO
7	1	LA PAZ	SV-PA
8	1	SANTA ANA	SV-SA
9	1	SAN MIGUEL	SV-SM
10	1	SAN SALVADOR	SV-SS
11	1	SAN VICENTE	SV-SV
12	1	SONSONATE	SV-SO
13	1	LA UNION	SV-UN
14	1	USULUTAN	SV-US
\.


--
-- TOC entry 3373 (class 0 OID 42124)
-- Dependencies: 215
-- Data for Name: distritos; Type: TABLE DATA; Schema: public; Owner: postgres
--

COPY public.distritos (id_distrito, id_municipio, nombre_distrito, codigo_distrito) FROM stdin;
\.


--
-- TOC entry 3374 (class 0 OID 42131)
-- Dependencies: 216
-- Data for Name: docentes; Type: TABLE DATA; Schema: public; Owner: postgres
--

COPY public.docentes (id_docente, id_persona, id_carrera, id_cap, id_unidad_rrhh, id_g_acad) FROM stdin;
\.


--
-- TOC entry 3375 (class 0 OID 42142)
-- Dependencies: 217
-- Data for Name: equipos_tic; Type: TABLE DATA; Schema: public; Owner: postgres
--

COPY public.equipos_tic (id_equipo, id_proyecto, tipo_equipo, codigo_equipo, cantidad_equipo, ubicacion_equipo, fecha_compra, descripcion_equipo) FROM stdin;
\.


--
-- TOC entry 3376 (class 0 OID 42152)
-- Dependencies: 218
-- Data for Name: estados_forms; Type: TABLE DATA; Schema: public; Owner: postgres
--

COPY public.estados_forms (id_e_form, id_form, id_consolidacion, nombre_e_form, descripcion_e_form) FROM stdin;
1	1	1	ESTADO INICIAL DEL FORMULARIO	PENDIENTE
\.


--
-- TOC entry 3377 (class 0 OID 42160)
-- Dependencies: 219
-- Data for Name: facultades; Type: TABLE DATA; Schema: public; Owner: postgres
--

COPY public.facultades (id_facultad, id_consolidacion, nombre_facultad, descripcion_facultad, codigo_facultad) FROM stdin;
1	1	Facultad de Ingenieria y Arquitectura	Descripcion pendiente	FIA-UES
\.


--
-- TOC entry 3452 (class 0 OID 42775)
-- Dependencies: 294
-- Data for Name: failed_jobs; Type: TABLE DATA; Schema: public; Owner: postgres
--

COPY public.failed_jobs (id, uuid, connection, queue, payload, exception, failed_at) FROM stdin;
\.


--
-- TOC entry 3378 (class 0 OID 42170)
-- Dependencies: 220
-- Data for Name: forms; Type: TABLE DATA; Schema: public; Owner: postgres
--

COPY public.forms (id_form, id_t_form, id_cierre_periodo_, codigo_form, descripcion_form, fecha_creacion_form) FROM stdin;
1	1	1	FORM-I+D+I	PENDIENTE	2024-02-29
2	2	1	FORM-CAP	PENDIENTE	2024-02-29
\.


--
-- TOC entry 3379 (class 0 OID 42178)
-- Dependencies: 221
-- Data for Name: gastos_rrff; Type: TABLE DATA; Schema: public; Owner: postgres
--

COPY public.gastos_rrff (id_gasto, id_unidad_rrff, codigo_gasto, monto_gasto, nombre_gasto) FROM stdin;
\.


--
-- TOC entry 3380 (class 0 OID 42185)
-- Dependencies: 222
-- Data for Name: grados_academicos; Type: TABLE DATA; Schema: public; Owner: postgres
--

COPY public.grados_academicos (id_g_acad, id_acronimo, titulo_g_acad, decripcion_g_acad) FROM stdin;
1	12	MAESTRIA EN CIENCIA DE DATOS	PENDIENTE
2	12	MAESTRIA EN CIENCIA DE LA COMPUTACION	PENDIENTE
3	11	MAESTRIA EN ADMINISTRACION DE EMPRESAS	PENDIENTE
\.


--
-- TOC entry 3381 (class 0 OID 42192)
-- Dependencies: 223
-- Data for Name: indicadores; Type: TABLE DATA; Schema: public; Owner: postgres
--

COPY public.indicadores (id_indicador, id_proyecto, codigo_indicador, titulo_indicador, descripcion_indicador, fecha_elab_indicador) FROM stdin;
\.


--
-- TOC entry 3382 (class 0 OID 42199)
-- Dependencies: 224
-- Data for Name: investigadores; Type: TABLE DATA; Schema: public; Owner: postgres
--

COPY public.investigadores (id_invest, id_persona, id_unidad, id_carrera, id_unidad_rrhh, id_cap, id_g_acad) FROM stdin;
6	7	3	1	1	2	1
\.


--
-- TOC entry 3383 (class 0 OID 42211)
-- Dependencies: 225
-- Data for Name: libros; Type: TABLE DATA; Schema: public; Owner: postgres
--

COPY public.libros (id_libro, isbn_libro, fecha_publicacion_libro, capitulo_libro) FROM stdin;
\.


--
-- TOC entry 3384 (class 0 OID 42217)
-- Dependencies: 226
-- Data for Name: lineas_investigaciones; Type: TABLE DATA; Schema: public; Owner: postgres
--

COPY public.lineas_investigaciones (id_l_de_invest, nombre_l_invest, descripcion_l_invest, codigo_l_invest) FROM stdin;
1	Telecomunicaciones	Mejoras en el rendimiento de equipos de telecomunicacion	TELCOL-0001
\.


--
-- TOC entry 3385 (class 0 OID 42223)
-- Dependencies: 227
-- Data for Name: loc_de_uu; Type: TABLE DATA; Schema: public; Owner: postgres
--

COPY public.loc_de_uu (id_locacion, id_proyecto, id_t_infra, area_locacion, simbolo_area) FROM stdin;
1	1	2	13.00	\N
2	1	2	33.00	\N
3	1	3	4.00	\N
\.


--
-- TOC entry 3386 (class 0 OID 42231)
-- Dependencies: 228
-- Data for Name: medios_de_publicacion; Type: TABLE DATA; Schema: public; Owner: postgres
--

COPY public.medios_de_publicacion (id_medio_publicacion, id_publicacion, id_articulo, id_libro, id_revista, titulo_medio_publicacion, enlace_medio_publicacion, fecha_de_publicacion) FROM stdin;
\.


--
-- TOC entry 3447 (class 0 OID 42747)
-- Dependencies: 289
-- Data for Name: migrations; Type: TABLE DATA; Schema: public; Owner: postgres
--

COPY public.migrations (id, migration, batch) FROM stdin;
1	2014_10_12_000000_create_users_table	1
2	2014_10_12_100000_create_password_resets_table	1
3	2019_08_19_000000_create_failed_jobs_table	1
\.


--
-- TOC entry 3387 (class 0 OID 42241)
-- Dependencies: 229
-- Data for Name: municipios; Type: TABLE DATA; Schema: public; Owner: postgres
--

COPY public.municipios (id_municipio, id_departamento, nombre_municipio, codigo_municipio) FROM stdin;
1	1	AHUACHAPAN NORTE	AHN
2	1	AHUACHAPAN CENTRO	AHC
3	1	AHUACHAPAN SUR	AHS
4	2	CABAÑAS ESTE	CAE
5	2	CABAÑAS OESTE	CAO
6	3	CHALTENANGO NORTE	CHN
7	3	CHALATENANGO CENTRO	CHC
8	3	CHALATENANGO SUR	CHS
9	4	CUSCATLAN NORTE	CUN
10	4	CUSCATLAN SUR	CUS
11	5	LA LIBERTAD NORTE	LlN
12	5	LA LIBERTAD CENTRO	LlC
13	5	LA LIBERTAD OESTE	LlO
14	5	LA LIBERTAD ESTE	LlE
15	5	LA LIBERTAD COSTA	LlCO
16	5	LA LIBERTAD SUR	LlS
17	6	NORAZAN NORTE	MON
18	6	MORAZAN SUR	MOS
19	7	LA PAZ OESTE	PAO
20	7	LA PAZ CENTRO	PAC
21	7	LA PAZ ESTE	PAE
22	8	SANTA ANA NORTE	SAN
23	8	SANTA ANA CENTRO	SAC
24	8	SANTA ANA ESTE	SAE
25	8	SANTA ANA OESTE	SAO
26	9	SAN MIGUEL NORTE	SMN
27	9	SAN MIGUEL CENTRO	SMC
28	9	SAN MIGUEL OESTE	SMO
29	10	SAN SALVADOR NORTE	SSN
30	10	SAN SALVADOR OESTE	SSO
31	10	SAN SALVADOR ESTE	SSE
32	10	SAN SALVADOR CENTRO	SSC
33	10	SAN SALVADOR SUR	SSS
34	11	SAN VICENTE NORTE	SVN
35	11	SAN VICENTE SUR	SVS
36	12	SONSONATE NORTE	SON
37	12	SONSONATE CENTRO	SOC
38	12	SONSONATE ESTE	SOE
39	12	SONSONATE OESTE	SOO
40	13	LA UNION NORTE	LUN
41	13	LA UNION SUR	LUS
42	14	USULUTAN NORTE	USN
43	14	USULUTAN ESTE	USE
44	14	USULUTAN OESTE	USO
\.


--
-- TOC entry 3388 (class 0 OID 42248)
-- Dependencies: 230
-- Data for Name: objetivos_de_proyecto; Type: TABLE DATA; Schema: public; Owner: postgres
--

COPY public.objetivos_de_proyecto (id_objetivo, titulo_objetivo, descripcion_objetivo) FROM stdin;
1	Objetivo Principal proyecto fia-ues #1	N/A
\.


--
-- TOC entry 3389 (class 0 OID 42254)
-- Dependencies: 231
-- Data for Name: paises; Type: TABLE DATA; Schema: public; Owner: postgres
--

COPY public.paises (id_pais, nombre_pais, codigo_pais) FROM stdin;
1	EL SALVADOR	SV
\.


--
-- TOC entry 3450 (class 0 OID 42766)
-- Dependencies: 292
-- Data for Name: password_resets; Type: TABLE DATA; Schema: public; Owner: postgres
--

COPY public.password_resets (email, token, created_at) FROM stdin;
\.


--
-- TOC entry 3390 (class 0 OID 42260)
-- Dependencies: 232
-- Data for Name: patentes; Type: TABLE DATA; Schema: public; Owner: postgres
--

COPY public.patentes (id_patente, id_publicacion, codigo_patente, nombre_patente, estado_patente, fecha_inicio_patente, fecha_fin_patente, tipo_patente) FROM stdin;
\.


--
-- TOC entry 3391 (class 0 OID 42267)
-- Dependencies: 233
-- Data for Name: personas; Type: TABLE DATA; Schema: public; Owner: postgres
--

COPY public.personas (id_persona, id_pais, nombre_persona, apellido_persona, telefono_persona, correo_persona, genero_persona, direccion_persona, edad_persona) FROM stdin;
1	1	Juan	Perez	22000912	asdf@gmail.com	f	asdf	\N
7	1	Karla	Hernandez	89872342	khernandez@gmail	f	colonia jardines de holanda	27
\.


--
-- TOC entry 3392 (class 0 OID 42277)
-- Dependencies: 234
-- Data for Name: ponencias; Type: TABLE DATA; Schema: public; Owner: postgres
--

COPY public.ponencias (id_ponencia, id_publicacion, nombre_ponencia, direccion_ponencia, fecha_ponencia) FROM stdin;
\.


--
-- TOC entry 3393 (class 0 OID 42284)
-- Dependencies: 235
-- Data for Name: presupuestos_rrff; Type: TABLE DATA; Schema: public; Owner: postgres
--

COPY public.presupuestos_rrff (id_presupuesto, id_unidad_rrff, monto_presupuesto, codigo_presupuesto, nombre_presupuesto) FROM stdin;
\.


--
-- TOC entry 3394 (class 0 OID 42291)
-- Dependencies: 236
-- Data for Name: proyectos; Type: TABLE DATA; Schema: public; Owner: postgres
--

COPY public.proyectos (id_proyecto, id_area_conocimiento, id_l_de_invest, id_unidad, id_objetivo, id_facultad, id_unidad_rrhh, nombre_proyecto, descripcion_proyecto, codigo_proyecto_sicues, codigo_proyecto_facultad, fecha_inicio_proyecto, fecha_fin_proyecto) FROM stdin;
1	1	1	2	1	1	1	Mejoras en el rendimiento de telecomunicaciones	N/A	FIAUES-00001	SICUES-00001	2019-02-13	2020-11-11
\.


--
-- TOC entry 3395 (class 0 OID 42303)
-- Dependencies: 237
-- Data for Name: publicaciones; Type: TABLE DATA; Schema: public; Owner: postgres
--

COPY public.publicaciones (id_publicacion, id_proyecto, estado_publicacion) FROM stdin;
\.


--
-- TOC entry 3396 (class 0 OID 42310)
-- Dependencies: 238
-- Data for Name: recursos_tic; Type: TABLE DATA; Schema: public; Owner: postgres
--

COPY public.recursos_tic (id_recurso, id_proyecto, nombre_recurso, tipo_recurso, descripcion_recurso) FROM stdin;
\.


--
-- TOC entry 3397 (class 0 OID 42320)
-- Dependencies: 239
-- Data for Name: revistas_cientificas; Type: TABLE DATA; Schema: public; Owner: postgres
--

COPY public.revistas_cientificas (id_revista, codigo_revista, fecha_publicacion_revista) FROM stdin;
\.


--
-- TOC entry 3399 (class 0 OID 42332)
-- Dependencies: 241
-- Data for Name: t_infraestructuras; Type: TABLE DATA; Schema: public; Owner: postgres
--

COPY public.t_infraestructuras (id_t_infra, nombre_t_infra, descrip_t_infra) FROM stdin;
1	Local Numero 5	no definido
2	Centro 01	asf
3	Local Numero 8	asd
\.


--
-- TOC entry 3398 (class 0 OID 42326)
-- Dependencies: 240
-- Data for Name: tipos_formularios; Type: TABLE DATA; Schema: public; Owner: postgres
--

COPY public.tipos_formularios (id_t_form, nombre_t_form) FROM stdin;
1	FORMULARIO DE CAPACIDADES INSTITUCIONALES
2	FORMULARIO I+D+I
\.


--
-- TOC entry 3400 (class 0 OID 42338)
-- Dependencies: 242
-- Data for Name: unidades_rrff; Type: TABLE DATA; Schema: public; Owner: postgres
--

COPY public.unidades_rrff (id_unidad_rrff, nombre_unidad_rrff) FROM stdin;
1	Recursos Financieros FIA-UES
\.


--
-- TOC entry 3401 (class 0 OID 42344)
-- Dependencies: 243
-- Data for Name: unidades_rrhh; Type: TABLE DATA; Schema: public; Owner: postgres
--

COPY public.unidades_rrhh (id_unidad_rrhh, nombre_unidad_rrhh) FROM stdin;
1	Recursos Humanos FIA-UES
\.


--
-- TOC entry 3449 (class 0 OID 42755)
-- Dependencies: 291
-- Data for Name: users; Type: TABLE DATA; Schema: public; Owner: postgres
--

COPY public.users (id, name, email, email_verified_at, password, remember_token, created_at, updated_at) FROM stdin;
1	Brallan Sanchez	brsr1234@gmail.com	\N	$2y$10$4Ac8KaiJgMWr9rbG57XfBuUxfbAOXWQ0OVyuJkeBueO42Q.DBrV8W	\N	2024-03-06 18:13:10	2024-03-06 18:13:10
\.


--
-- TOC entry 3402 (class 0 OID 42350)
-- Dependencies: 244
-- Data for Name: uu_de_invest; Type: TABLE DATA; Schema: public; Owner: postgres
--

COPY public.uu_de_invest (id_unidad, id_unidad_rrff, id_dep_jerar, id_form, nombre_unidad, direccion_unidad, fecha_fundacion, telefono_unidad) FROM stdin;
3	1	2	1	Unidad de Investigacion FIA-UES	asd	1998-01-01	22334455
2	1	2	1	Unidad de Investigacion de Medicina	EJEMPLO	1998-01-01	22334455
\.


--
-- TOC entry 3461 (class 0 OID 0)
-- Dependencies: 245
-- Name: aa_de_uu_id_autoridad_unidad_seq; Type: SEQUENCE SET; Schema: public; Owner: postgres
--

SELECT pg_catalog.setval('public.aa_de_uu_id_autoridad_unidad_seq', 1, false);


--
-- TOC entry 3462 (class 0 OID 0)
-- Dependencies: 246
-- Name: acronimos_id_acronimo_seq; Type: SEQUENCE SET; Schema: public; Owner: postgres
--

SELECT pg_catalog.setval('public.acronimos_id_acronimo_seq', 1, false);


--
-- TOC entry 3463 (class 0 OID 0)
-- Dependencies: 247
-- Name: actividades_de_proyectos_id_actividad_seq; Type: SEQUENCE SET; Schema: public; Owner: postgres
--

SELECT pg_catalog.setval('public.actividades_de_proyectos_id_actividad_seq', 1, false);


--
-- TOC entry 3464 (class 0 OID 0)
-- Dependencies: 248
-- Name: areas_de_conocimientos_id_area_conocimiento_seq; Type: SEQUENCE SET; Schema: public; Owner: postgres
--

SELECT pg_catalog.setval('public.areas_de_conocimientos_id_area_conocimiento_seq', 1, false);


--
-- TOC entry 3465 (class 0 OID 0)
-- Dependencies: 249
-- Name: articulos_id_articulo_seq; Type: SEQUENCE SET; Schema: public; Owner: postgres
--

SELECT pg_catalog.setval('public.articulos_id_articulo_seq', 1, false);


--
-- TOC entry 3466 (class 0 OID 0)
-- Dependencies: 250
-- Name: capacitaciones_id_cap_seq; Type: SEQUENCE SET; Schema: public; Owner: postgres
--

SELECT pg_catalog.setval('public.capacitaciones_id_cap_seq', 1, false);


--
-- TOC entry 3467 (class 0 OID 0)
-- Dependencies: 251
-- Name: cargos_id_cargo_seq; Type: SEQUENCE SET; Schema: public; Owner: postgres
--

SELECT pg_catalog.setval('public.cargos_id_cargo_seq', 1, false);


--
-- TOC entry 3468 (class 0 OID 0)
-- Dependencies: 252
-- Name: carreras_id_carrera_seq; Type: SEQUENCE SET; Schema: public; Owner: postgres
--

SELECT pg_catalog.setval('public.carreras_id_carrera_seq', 1, false);


--
-- TOC entry 3469 (class 0 OID 0)
-- Dependencies: 253
-- Name: cc_periodos__id_cierre_periodo__seq; Type: SEQUENCE SET; Schema: public; Owner: postgres
--

SELECT pg_catalog.setval('public.cc_periodos__id_cierre_periodo__seq', 1, false);


--
-- TOC entry 3470 (class 0 OID 0)
-- Dependencies: 254
-- Name: colaboradores_id_colaborador_seq; Type: SEQUENCE SET; Schema: public; Owner: postgres
--

SELECT pg_catalog.setval('public.colaboradores_id_colaborador_seq', 1, false);


--
-- TOC entry 3471 (class 0 OID 0)
-- Dependencies: 255
-- Name: consolidaciones_id_consolidacion_seq; Type: SEQUENCE SET; Schema: public; Owner: postgres
--

SELECT pg_catalog.setval('public.consolidaciones_id_consolidacion_seq', 1, false);


--
-- TOC entry 3472 (class 0 OID 0)
-- Dependencies: 256
-- Name: dd_jj_id_dep_jerar_seq; Type: SEQUENCE SET; Schema: public; Owner: postgres
--

SELECT pg_catalog.setval('public.dd_jj_id_dep_jerar_seq', 4, true);


--
-- TOC entry 3473 (class 0 OID 0)
-- Dependencies: 257
-- Name: departamentos_id_departamento_seq; Type: SEQUENCE SET; Schema: public; Owner: postgres
--

SELECT pg_catalog.setval('public.departamentos_id_departamento_seq', 1, false);


--
-- TOC entry 3474 (class 0 OID 0)
-- Dependencies: 258
-- Name: distritos_id_distrito_seq; Type: SEQUENCE SET; Schema: public; Owner: postgres
--

SELECT pg_catalog.setval('public.distritos_id_distrito_seq', 1, false);


--
-- TOC entry 3475 (class 0 OID 0)
-- Dependencies: 259
-- Name: docentes_id_docente_seq; Type: SEQUENCE SET; Schema: public; Owner: postgres
--

SELECT pg_catalog.setval('public.docentes_id_docente_seq', 1, false);


--
-- TOC entry 3476 (class 0 OID 0)
-- Dependencies: 260
-- Name: equipos_tic_id_equipo_seq; Type: SEQUENCE SET; Schema: public; Owner: postgres
--

SELECT pg_catalog.setval('public.equipos_tic_id_equipo_seq', 1, false);


--
-- TOC entry 3477 (class 0 OID 0)
-- Dependencies: 261
-- Name: estados_forms_id_e_form_seq; Type: SEQUENCE SET; Schema: public; Owner: postgres
--

SELECT pg_catalog.setval('public.estados_forms_id_e_form_seq', 1, false);


--
-- TOC entry 3478 (class 0 OID 0)
-- Dependencies: 262
-- Name: facultades_id_facultad_seq; Type: SEQUENCE SET; Schema: public; Owner: postgres
--

SELECT pg_catalog.setval('public.facultades_id_facultad_seq', 1, false);


--
-- TOC entry 3479 (class 0 OID 0)
-- Dependencies: 293
-- Name: failed_jobs_id_seq; Type: SEQUENCE SET; Schema: public; Owner: postgres
--

SELECT pg_catalog.setval('public.failed_jobs_id_seq', 1, false);


--
-- TOC entry 3480 (class 0 OID 0)
-- Dependencies: 263
-- Name: forms_id_form_seq; Type: SEQUENCE SET; Schema: public; Owner: postgres
--

SELECT pg_catalog.setval('public.forms_id_form_seq', 1, false);


--
-- TOC entry 3481 (class 0 OID 0)
-- Dependencies: 264
-- Name: gastos_rrff_id_gasto_seq; Type: SEQUENCE SET; Schema: public; Owner: postgres
--

SELECT pg_catalog.setval('public.gastos_rrff_id_gasto_seq', 1, false);


--
-- TOC entry 3482 (class 0 OID 0)
-- Dependencies: 265
-- Name: grados_academicos_id_g_acad_seq; Type: SEQUENCE SET; Schema: public; Owner: postgres
--

SELECT pg_catalog.setval('public.grados_academicos_id_g_acad_seq', 1, false);


--
-- TOC entry 3483 (class 0 OID 0)
-- Dependencies: 266
-- Name: indicadores_id_indicador_seq; Type: SEQUENCE SET; Schema: public; Owner: postgres
--

SELECT pg_catalog.setval('public.indicadores_id_indicador_seq', 1, false);


--
-- TOC entry 3484 (class 0 OID 0)
-- Dependencies: 267
-- Name: investigadores_id_invest_seq; Type: SEQUENCE SET; Schema: public; Owner: postgres
--

SELECT pg_catalog.setval('public.investigadores_id_invest_seq', 6, true);


--
-- TOC entry 3485 (class 0 OID 0)
-- Dependencies: 268
-- Name: libros_id_libro_seq; Type: SEQUENCE SET; Schema: public; Owner: postgres
--

SELECT pg_catalog.setval('public.libros_id_libro_seq', 1, false);


--
-- TOC entry 3486 (class 0 OID 0)
-- Dependencies: 269
-- Name: lineas_investigaciones_id_l_de_invest_seq; Type: SEQUENCE SET; Schema: public; Owner: postgres
--

SELECT pg_catalog.setval('public.lineas_investigaciones_id_l_de_invest_seq', 1, false);


--
-- TOC entry 3487 (class 0 OID 0)
-- Dependencies: 270
-- Name: loc_de_uu_id_locacion_seq; Type: SEQUENCE SET; Schema: public; Owner: postgres
--

SELECT pg_catalog.setval('public.loc_de_uu_id_locacion_seq', 3, true);


--
-- TOC entry 3488 (class 0 OID 0)
-- Dependencies: 271
-- Name: medios_de_publicacion_id_medio_publicacion_seq; Type: SEQUENCE SET; Schema: public; Owner: postgres
--

SELECT pg_catalog.setval('public.medios_de_publicacion_id_medio_publicacion_seq', 1, false);


--
-- TOC entry 3489 (class 0 OID 0)
-- Dependencies: 288
-- Name: migrations_id_seq; Type: SEQUENCE SET; Schema: public; Owner: postgres
--

SELECT pg_catalog.setval('public.migrations_id_seq', 3, true);


--
-- TOC entry 3490 (class 0 OID 0)
-- Dependencies: 272
-- Name: municipios_id_municipio_seq; Type: SEQUENCE SET; Schema: public; Owner: postgres
--

SELECT pg_catalog.setval('public.municipios_id_municipio_seq', 1, false);


--
-- TOC entry 3491 (class 0 OID 0)
-- Dependencies: 273
-- Name: objetivos_de_proyecto_id_objetivo_seq; Type: SEQUENCE SET; Schema: public; Owner: postgres
--

SELECT pg_catalog.setval('public.objetivos_de_proyecto_id_objetivo_seq', 1, false);


--
-- TOC entry 3492 (class 0 OID 0)
-- Dependencies: 274
-- Name: paises_id_pais_seq; Type: SEQUENCE SET; Schema: public; Owner: postgres
--

SELECT pg_catalog.setval('public.paises_id_pais_seq', 1, false);


--
-- TOC entry 3493 (class 0 OID 0)
-- Dependencies: 275
-- Name: patentes_id_patente_seq; Type: SEQUENCE SET; Schema: public; Owner: postgres
--

SELECT pg_catalog.setval('public.patentes_id_patente_seq', 1, false);


--
-- TOC entry 3494 (class 0 OID 0)
-- Dependencies: 276
-- Name: personas_id_persona_seq; Type: SEQUENCE SET; Schema: public; Owner: postgres
--

SELECT pg_catalog.setval('public.personas_id_persona_seq', 7, true);


--
-- TOC entry 3495 (class 0 OID 0)
-- Dependencies: 277
-- Name: ponencias_id_ponencia_seq; Type: SEQUENCE SET; Schema: public; Owner: postgres
--

SELECT pg_catalog.setval('public.ponencias_id_ponencia_seq', 1, false);


--
-- TOC entry 3496 (class 0 OID 0)
-- Dependencies: 278
-- Name: presupuestos_rrff_id_presupuesto_seq; Type: SEQUENCE SET; Schema: public; Owner: postgres
--

SELECT pg_catalog.setval('public.presupuestos_rrff_id_presupuesto_seq', 1, false);


--
-- TOC entry 3497 (class 0 OID 0)
-- Dependencies: 279
-- Name: proyectos_id_proyecto_seq; Type: SEQUENCE SET; Schema: public; Owner: postgres
--

SELECT pg_catalog.setval('public.proyectos_id_proyecto_seq', 1, false);


--
-- TOC entry 3498 (class 0 OID 0)
-- Dependencies: 280
-- Name: publicaciones_id_publicacion_seq; Type: SEQUENCE SET; Schema: public; Owner: postgres
--

SELECT pg_catalog.setval('public.publicaciones_id_publicacion_seq', 1, false);


--
-- TOC entry 3499 (class 0 OID 0)
-- Dependencies: 281
-- Name: recursos_tic_id_recurso_seq; Type: SEQUENCE SET; Schema: public; Owner: postgres
--

SELECT pg_catalog.setval('public.recursos_tic_id_recurso_seq', 1, false);


--
-- TOC entry 3500 (class 0 OID 0)
-- Dependencies: 282
-- Name: revistas_cientificas_id_revista_seq; Type: SEQUENCE SET; Schema: public; Owner: postgres
--

SELECT pg_catalog.setval('public.revistas_cientificas_id_revista_seq', 1, false);


--
-- TOC entry 3501 (class 0 OID 0)
-- Dependencies: 283
-- Name: t_infraestructuras_id_t_infra_seq; Type: SEQUENCE SET; Schema: public; Owner: postgres
--

SELECT pg_catalog.setval('public.t_infraestructuras_id_t_infra_seq', 3, true);


--
-- TOC entry 3502 (class 0 OID 0)
-- Dependencies: 284
-- Name: tipos_formularios_id_t_form_seq; Type: SEQUENCE SET; Schema: public; Owner: postgres
--

SELECT pg_catalog.setval('public.tipos_formularios_id_t_form_seq', 1, false);


--
-- TOC entry 3503 (class 0 OID 0)
-- Dependencies: 285
-- Name: unidades_rrff_id_unidad_rrff_seq; Type: SEQUENCE SET; Schema: public; Owner: postgres
--

SELECT pg_catalog.setval('public.unidades_rrff_id_unidad_rrff_seq', 1, false);


--
-- TOC entry 3504 (class 0 OID 0)
-- Dependencies: 286
-- Name: unidades_rrhh_id_unidad_rrhh_seq; Type: SEQUENCE SET; Schema: public; Owner: postgres
--

SELECT pg_catalog.setval('public.unidades_rrhh_id_unidad_rrhh_seq', 1, false);


--
-- TOC entry 3505 (class 0 OID 0)
-- Dependencies: 290
-- Name: users_id_seq; Type: SEQUENCE SET; Schema: public; Owner: postgres
--

SELECT pg_catalog.setval('public.users_id_seq', 1, true);


--
-- TOC entry 3506 (class 0 OID 0)
-- Dependencies: 287
-- Name: uu_de_invest_id_unidad_seq; Type: SEQUENCE SET; Schema: public; Owner: postgres
--

SELECT pg_catalog.setval('public.uu_de_invest_id_unidad_seq', 3, true);


--
-- TOC entry 3172 (class 2606 OID 42784)
-- Name: failed_jobs failed_jobs_pkey; Type: CONSTRAINT; Schema: public; Owner: postgres
--

ALTER TABLE ONLY public.failed_jobs
    ADD CONSTRAINT failed_jobs_pkey PRIMARY KEY (id);


--
-- TOC entry 3174 (class 2606 OID 42786)
-- Name: failed_jobs failed_jobs_uuid_unique; Type: CONSTRAINT; Schema: public; Owner: postgres
--

ALTER TABLE ONLY public.failed_jobs
    ADD CONSTRAINT failed_jobs_uuid_unique UNIQUE (uuid);


--
-- TOC entry 3165 (class 2606 OID 42752)
-- Name: migrations migrations_pkey; Type: CONSTRAINT; Schema: public; Owner: postgres
--

ALTER TABLE ONLY public.migrations
    ADD CONSTRAINT migrations_pkey PRIMARY KEY (id);


--
-- TOC entry 2983 (class 2606 OID 42031)
-- Name: aa_de_uu pk_aa_de_uu; Type: CONSTRAINT; Schema: public; Owner: postgres
--

ALTER TABLE ONLY public.aa_de_uu
    ADD CONSTRAINT pk_aa_de_uu PRIMARY KEY (id_autoridad_unidad);


--
-- TOC entry 2986 (class 2606 OID 42042)
-- Name: acronimos pk_acronimos; Type: CONSTRAINT; Schema: public; Owner: postgres
--

ALTER TABLE ONLY public.acronimos
    ADD CONSTRAINT pk_acronimos PRIMARY KEY (id_acronimo);


--
-- TOC entry 2989 (class 2606 OID 42048)
-- Name: actividades_de_proyectos pk_actividades_de_proyectos; Type: CONSTRAINT; Schema: public; Owner: postgres
--

ALTER TABLE ONLY public.actividades_de_proyectos
    ADD CONSTRAINT pk_actividades_de_proyectos PRIMARY KEY (id_actividad);


--
-- TOC entry 2993 (class 2606 OID 42055)
-- Name: areas_de_conocimientos pk_areas_de_conocimientos; Type: CONSTRAINT; Schema: public; Owner: postgres
--

ALTER TABLE ONLY public.areas_de_conocimientos
    ADD CONSTRAINT pk_areas_de_conocimientos PRIMARY KEY (id_area_conocimiento);


--
-- TOC entry 2996 (class 2606 OID 42061)
-- Name: articulos pk_articulos; Type: CONSTRAINT; Schema: public; Owner: postgres
--

ALTER TABLE ONLY public.articulos
    ADD CONSTRAINT pk_articulos PRIMARY KEY (id_articulo);


--
-- TOC entry 3000 (class 2606 OID 42070)
-- Name: capacitaciones pk_capacitaciones; Type: CONSTRAINT; Schema: public; Owner: postgres
--

ALTER TABLE ONLY public.capacitaciones
    ADD CONSTRAINT pk_capacitaciones PRIMARY KEY (id_cap);


--
-- TOC entry 3003 (class 2606 OID 42077)
-- Name: cargos pk_cargos; Type: CONSTRAINT; Schema: public; Owner: postgres
--

ALTER TABLE ONLY public.cargos
    ADD CONSTRAINT pk_cargos PRIMARY KEY (id_cargo);


--
-- TOC entry 3008 (class 2606 OID 42083)
-- Name: carreras pk_carreras; Type: CONSTRAINT; Schema: public; Owner: postgres
--

ALTER TABLE ONLY public.carreras
    ADD CONSTRAINT pk_carreras PRIMARY KEY (id_carrera);


--
-- TOC entry 3012 (class 2606 OID 42091)
-- Name: cc_periodos_ pk_cc_periodos_; Type: CONSTRAINT; Schema: public; Owner: postgres
--

ALTER TABLE ONLY public.cc_periodos_
    ADD CONSTRAINT pk_cc_periodos_ PRIMARY KEY (id_cierre_periodo_);


--
-- TOC entry 3019 (class 2606 OID 42098)
-- Name: colaboradores pk_colaboradores; Type: CONSTRAINT; Schema: public; Owner: postgres
--

ALTER TABLE ONLY public.colaboradores
    ADD CONSTRAINT pk_colaboradores PRIMARY KEY (id_colaborador);


--
-- TOC entry 3023 (class 2606 OID 42109)
-- Name: consolidaciones pk_consolidaciones; Type: CONSTRAINT; Schema: public; Owner: postgres
--

ALTER TABLE ONLY public.consolidaciones
    ADD CONSTRAINT pk_consolidaciones PRIMARY KEY (id_consolidacion);


--
-- TOC entry 3026 (class 2606 OID 42115)
-- Name: dd_jj pk_dd_jj; Type: CONSTRAINT; Schema: public; Owner: postgres
--

ALTER TABLE ONLY public.dd_jj
    ADD CONSTRAINT pk_dd_jj PRIMARY KEY (id_dep_jerar);


--
-- TOC entry 3030 (class 2606 OID 42121)
-- Name: departamentos pk_departamentos; Type: CONSTRAINT; Schema: public; Owner: postgres
--

ALTER TABLE ONLY public.departamentos
    ADD CONSTRAINT pk_departamentos PRIMARY KEY (id_departamento);


--
-- TOC entry 3034 (class 2606 OID 42128)
-- Name: distritos pk_distritos; Type: CONSTRAINT; Schema: public; Owner: postgres
--

ALTER TABLE ONLY public.distritos
    ADD CONSTRAINT pk_distritos PRIMARY KEY (id_distrito);


--
-- TOC entry 3041 (class 2606 OID 42135)
-- Name: docentes pk_docentes; Type: CONSTRAINT; Schema: public; Owner: postgres
--

ALTER TABLE ONLY public.docentes
    ADD CONSTRAINT pk_docentes PRIMARY KEY (id_docente);


--
-- TOC entry 3045 (class 2606 OID 42149)
-- Name: equipos_tic pk_equipos_tic; Type: CONSTRAINT; Schema: public; Owner: postgres
--

ALTER TABLE ONLY public.equipos_tic
    ADD CONSTRAINT pk_equipos_tic PRIMARY KEY (id_equipo);


--
-- TOC entry 3051 (class 2606 OID 42156)
-- Name: estados_forms pk_estados_forms; Type: CONSTRAINT; Schema: public; Owner: postgres
--

ALTER TABLE ONLY public.estados_forms
    ADD CONSTRAINT pk_estados_forms PRIMARY KEY (id_e_form);


--
-- TOC entry 3055 (class 2606 OID 42167)
-- Name: facultades pk_facultades; Type: CONSTRAINT; Schema: public; Owner: postgres
--

ALTER TABLE ONLY public.facultades
    ADD CONSTRAINT pk_facultades PRIMARY KEY (id_facultad);


--
-- TOC entry 3059 (class 2606 OID 42174)
-- Name: forms pk_forms; Type: CONSTRAINT; Schema: public; Owner: postgres
--

ALTER TABLE ONLY public.forms
    ADD CONSTRAINT pk_forms PRIMARY KEY (id_form);


--
-- TOC entry 3063 (class 2606 OID 42182)
-- Name: gastos_rrff pk_gastos_rrff; Type: CONSTRAINT; Schema: public; Owner: postgres
--

ALTER TABLE ONLY public.gastos_rrff
    ADD CONSTRAINT pk_gastos_rrff PRIMARY KEY (id_gasto);


--
-- TOC entry 3068 (class 2606 OID 42189)
-- Name: grados_academicos pk_grados_academicos; Type: CONSTRAINT; Schema: public; Owner: postgres
--

ALTER TABLE ONLY public.grados_academicos
    ADD CONSTRAINT pk_grados_academicos PRIMARY KEY (id_g_acad);


--
-- TOC entry 3071 (class 2606 OID 42196)
-- Name: indicadores pk_indicadores; Type: CONSTRAINT; Schema: public; Owner: postgres
--

ALTER TABLE ONLY public.indicadores
    ADD CONSTRAINT pk_indicadores PRIMARY KEY (id_indicador);


--
-- TOC entry 3079 (class 2606 OID 42203)
-- Name: investigadores pk_investigadores; Type: CONSTRAINT; Schema: public; Owner: postgres
--

ALTER TABLE ONLY public.investigadores
    ADD CONSTRAINT pk_investigadores PRIMARY KEY (id_invest);


--
-- TOC entry 3084 (class 2606 OID 42215)
-- Name: libros pk_libros; Type: CONSTRAINT; Schema: public; Owner: postgres
--

ALTER TABLE ONLY public.libros
    ADD CONSTRAINT pk_libros PRIMARY KEY (id_libro);


--
-- TOC entry 3087 (class 2606 OID 42221)
-- Name: lineas_investigaciones pk_lineas_investigaciones; Type: CONSTRAINT; Schema: public; Owner: postgres
--

ALTER TABLE ONLY public.lineas_investigaciones
    ADD CONSTRAINT pk_lineas_investigaciones PRIMARY KEY (id_l_de_invest);


--
-- TOC entry 3091 (class 2606 OID 42227)
-- Name: loc_de_uu pk_loc_de_uu; Type: CONSTRAINT; Schema: public; Owner: postgres
--

ALTER TABLE ONLY public.loc_de_uu
    ADD CONSTRAINT pk_loc_de_uu PRIMARY KEY (id_locacion);


--
-- TOC entry 3098 (class 2606 OID 42235)
-- Name: medios_de_publicacion pk_medios_de_publicacion; Type: CONSTRAINT; Schema: public; Owner: postgres
--

ALTER TABLE ONLY public.medios_de_publicacion
    ADD CONSTRAINT pk_medios_de_publicacion PRIMARY KEY (id_medio_publicacion);


--
-- TOC entry 3103 (class 2606 OID 42245)
-- Name: municipios pk_municipios; Type: CONSTRAINT; Schema: public; Owner: postgres
--

ALTER TABLE ONLY public.municipios
    ADD CONSTRAINT pk_municipios PRIMARY KEY (id_municipio);


--
-- TOC entry 3106 (class 2606 OID 42252)
-- Name: objetivos_de_proyecto pk_objetivos_de_proyecto; Type: CONSTRAINT; Schema: public; Owner: postgres
--

ALTER TABLE ONLY public.objetivos_de_proyecto
    ADD CONSTRAINT pk_objetivos_de_proyecto PRIMARY KEY (id_objetivo);


--
-- TOC entry 3109 (class 2606 OID 42258)
-- Name: paises pk_paises; Type: CONSTRAINT; Schema: public; Owner: postgres
--

ALTER TABLE ONLY public.paises
    ADD CONSTRAINT pk_paises PRIMARY KEY (id_pais);


--
-- TOC entry 3112 (class 2606 OID 42264)
-- Name: patentes pk_patentes; Type: CONSTRAINT; Schema: public; Owner: postgres
--

ALTER TABLE ONLY public.patentes
    ADD CONSTRAINT pk_patentes PRIMARY KEY (id_patente);


--
-- TOC entry 3117 (class 2606 OID 42274)
-- Name: personas pk_personas; Type: CONSTRAINT; Schema: public; Owner: postgres
--

ALTER TABLE ONLY public.personas
    ADD CONSTRAINT pk_personas PRIMARY KEY (id_persona);


--
-- TOC entry 3119 (class 2606 OID 42281)
-- Name: ponencias pk_ponencias; Type: CONSTRAINT; Schema: public; Owner: postgres
--

ALTER TABLE ONLY public.ponencias
    ADD CONSTRAINT pk_ponencias PRIMARY KEY (id_ponencia);


--
-- TOC entry 3123 (class 2606 OID 42288)
-- Name: presupuestos_rrff pk_presupuestos_rrff; Type: CONSTRAINT; Schema: public; Owner: postgres
--

ALTER TABLE ONLY public.presupuestos_rrff
    ADD CONSTRAINT pk_presupuestos_rrff PRIMARY KEY (id_presupuesto);


--
-- TOC entry 3128 (class 2606 OID 42295)
-- Name: proyectos pk_proyectos; Type: CONSTRAINT; Schema: public; Owner: postgres
--

ALTER TABLE ONLY public.proyectos
    ADD CONSTRAINT pk_proyectos PRIMARY KEY (id_proyecto);


--
-- TOC entry 3136 (class 2606 OID 42307)
-- Name: publicaciones pk_publicaciones; Type: CONSTRAINT; Schema: public; Owner: postgres
--

ALTER TABLE ONLY public.publicaciones
    ADD CONSTRAINT pk_publicaciones PRIMARY KEY (id_publicacion);


--
-- TOC entry 3140 (class 2606 OID 42317)
-- Name: recursos_tic pk_recursos_tic; Type: CONSTRAINT; Schema: public; Owner: postgres
--

ALTER TABLE ONLY public.recursos_tic
    ADD CONSTRAINT pk_recursos_tic PRIMARY KEY (id_recurso);


--
-- TOC entry 3144 (class 2606 OID 42324)
-- Name: revistas_cientificas pk_revistas_cientificas; Type: CONSTRAINT; Schema: public; Owner: postgres
--

ALTER TABLE ONLY public.revistas_cientificas
    ADD CONSTRAINT pk_revistas_cientificas PRIMARY KEY (id_revista);


--
-- TOC entry 3150 (class 2606 OID 42336)
-- Name: t_infraestructuras pk_t_infraestructuras; Type: CONSTRAINT; Schema: public; Owner: postgres
--

ALTER TABLE ONLY public.t_infraestructuras
    ADD CONSTRAINT pk_t_infraestructuras PRIMARY KEY (id_t_infra);


--
-- TOC entry 3147 (class 2606 OID 42330)
-- Name: tipos_formularios pk_tipos_formularios; Type: CONSTRAINT; Schema: public; Owner: postgres
--

ALTER TABLE ONLY public.tipos_formularios
    ADD CONSTRAINT pk_tipos_formularios PRIMARY KEY (id_t_form);


--
-- TOC entry 3153 (class 2606 OID 42342)
-- Name: unidades_rrff pk_unidades_rrff; Type: CONSTRAINT; Schema: public; Owner: postgres
--

ALTER TABLE ONLY public.unidades_rrff
    ADD CONSTRAINT pk_unidades_rrff PRIMARY KEY (id_unidad_rrff);


--
-- TOC entry 3156 (class 2606 OID 42348)
-- Name: unidades_rrhh pk_unidades_rrhh; Type: CONSTRAINT; Schema: public; Owner: postgres
--

ALTER TABLE ONLY public.unidades_rrhh
    ADD CONSTRAINT pk_unidades_rrhh PRIMARY KEY (id_unidad_rrhh);


--
-- TOC entry 3161 (class 2606 OID 42357)
-- Name: uu_de_invest pk_uu_de_invest; Type: CONSTRAINT; Schema: public; Owner: postgres
--

ALTER TABLE ONLY public.uu_de_invest
    ADD CONSTRAINT pk_uu_de_invest PRIMARY KEY (id_unidad);


--
-- TOC entry 3167 (class 2606 OID 42765)
-- Name: users users_email_unique; Type: CONSTRAINT; Schema: public; Owner: postgres
--

ALTER TABLE ONLY public.users
    ADD CONSTRAINT users_email_unique UNIQUE (email);


--
-- TOC entry 3169 (class 2606 OID 42763)
-- Name: users users_pkey; Type: CONSTRAINT; Schema: public; Owner: postgres
--

ALTER TABLE ONLY public.users
    ADD CONSTRAINT users_pkey PRIMARY KEY (id);


--
-- TOC entry 2976 (class 1259 OID 42037)
-- Name: aa_de_uu_cc_fk; Type: INDEX; Schema: public; Owner: postgres
--

CREATE INDEX aa_de_uu_cc_fk ON public.aa_de_uu USING btree (id_cargo);


--
-- TOC entry 2977 (class 1259 OID 42032)
-- Name: aa_de_uu_pk; Type: INDEX; Schema: public; Owner: postgres
--

CREATE UNIQUE INDEX aa_de_uu_pk ON public.aa_de_uu USING btree (id_autoridad_unidad);


--
-- TOC entry 2984 (class 1259 OID 42043)
-- Name: acronimos_pk; Type: INDEX; Schema: public; Owner: postgres
--

CREATE UNIQUE INDEX acronimos_pk ON public.acronimos USING btree (id_acronimo);


--
-- TOC entry 2987 (class 1259 OID 42049)
-- Name: actividades_de_proyectos_pk; Type: INDEX; Schema: public; Owner: postgres
--

CREATE UNIQUE INDEX actividades_de_proyectos_pk ON public.actividades_de_proyectos USING btree (id_actividad);


--
-- TOC entry 2991 (class 1259 OID 42056)
-- Name: areas_de_conocimientos_pk; Type: INDEX; Schema: public; Owner: postgres
--

CREATE UNIQUE INDEX areas_de_conocimientos_pk ON public.areas_de_conocimientos USING btree (id_area_conocimiento);


--
-- TOC entry 2994 (class 1259 OID 42062)
-- Name: articulos_pk; Type: INDEX; Schema: public; Owner: postgres
--

CREATE UNIQUE INDEX articulos_pk ON public.articulos USING btree (id_articulo);


--
-- TOC entry 2997 (class 1259 OID 42071)
-- Name: capacitaciones_pk; Type: INDEX; Schema: public; Owner: postgres
--

CREATE UNIQUE INDEX capacitaciones_pk ON public.capacitaciones USING btree (id_cap);


--
-- TOC entry 3001 (class 1259 OID 42078)
-- Name: cargos_pk; Type: INDEX; Schema: public; Owner: postgres
--

CREATE UNIQUE INDEX cargos_pk ON public.cargos USING btree (id_cargo);


--
-- TOC entry 3004 (class 1259 OID 42086)
-- Name: carreras_acronimos_fk; Type: INDEX; Schema: public; Owner: postgres
--

CREATE INDEX carreras_acronimos_fk ON public.carreras USING btree (id_acronimo);


--
-- TOC entry 3013 (class 1259 OID 42101)
-- Name: carreras_colaboradores_fk; Type: INDEX; Schema: public; Owner: postgres
--

CREATE INDEX carreras_colaboradores_fk ON public.colaboradores USING btree (id_carrera);


--
-- TOC entry 3035 (class 1259 OID 42138)
-- Name: carreras_docentes_fk; Type: INDEX; Schema: public; Owner: postgres
--

CREATE INDEX carreras_docentes_fk ON public.docentes USING btree (id_carrera);


--
-- TOC entry 3005 (class 1259 OID 42084)
-- Name: carreras_pk; Type: INDEX; Schema: public; Owner: postgres
--

CREATE UNIQUE INDEX carreras_pk ON public.carreras USING btree (id_carrera);


--
-- TOC entry 3009 (class 1259 OID 42093)
-- Name: cc_cierres_periodos_fk; Type: INDEX; Schema: public; Owner: postgres
--

CREATE INDEX cc_cierres_periodos_fk ON public.cc_periodos_ USING btree (id_consolidacion);


--
-- TOC entry 3047 (class 1259 OID 42159)
-- Name: cc_ee_formularios_fk; Type: INDEX; Schema: public; Owner: postgres
--

CREATE INDEX cc_ee_formularios_fk ON public.estados_forms USING btree (id_consolidacion);


--
-- TOC entry 3052 (class 1259 OID 42169)
-- Name: cc_facultades_fk; Type: INDEX; Schema: public; Owner: postgres
--

CREATE INDEX cc_facultades_fk ON public.facultades USING btree (id_consolidacion);


--
-- TOC entry 3010 (class 1259 OID 42092)
-- Name: cc_periodos__pk; Type: INDEX; Schema: public; Owner: postgres
--

CREATE UNIQUE INDEX cc_periodos__pk ON public.cc_periodos_ USING btree (id_cierre_periodo_);


--
-- TOC entry 3056 (class 1259 OID 42177)
-- Name: cc_pp_forms_fk; Type: INDEX; Schema: public; Owner: postgres
--

CREATE INDEX cc_pp_forms_fk ON public.forms USING btree (id_cierre_periodo_);


--
-- TOC entry 3014 (class 1259 OID 42104)
-- Name: colab_g_acad_fk; Type: INDEX; Schema: public; Owner: postgres
--

CREATE INDEX colab_g_acad_fk ON public.colaboradores USING btree (id_g_acad);


--
-- TOC entry 3015 (class 1259 OID 42102)
-- Name: colaboradores_capacitaciones_fk; Type: INDEX; Schema: public; Owner: postgres
--

CREATE INDEX colaboradores_capacitaciones_fk ON public.colaboradores USING btree (id_cap);


--
-- TOC entry 3016 (class 1259 OID 42099)
-- Name: colaboradores_pk; Type: INDEX; Schema: public; Owner: postgres
--

CREATE UNIQUE INDEX colaboradores_pk ON public.colaboradores USING btree (id_colaborador);


--
-- TOC entry 3021 (class 1259 OID 42110)
-- Name: consolidaciones_pk; Type: INDEX; Schema: public; Owner: postgres
--

CREATE UNIQUE INDEX consolidaciones_pk ON public.consolidaciones USING btree (id_consolidacion);


--
-- TOC entry 3024 (class 1259 OID 42116)
-- Name: dd_jj_pk; Type: INDEX; Schema: public; Owner: postgres
--

CREATE UNIQUE INDEX dd_jj_pk ON public.dd_jj USING btree (id_dep_jerar);


--
-- TOC entry 3158 (class 1259 OID 42360)
-- Name: dep_jerar_unid_invest2_fk; Type: INDEX; Schema: public; Owner: postgres
--

CREATE INDEX dep_jerar_unid_invest2_fk ON public.uu_de_invest USING btree (id_dep_jerar);


--
-- TOC entry 3100 (class 1259 OID 42247)
-- Name: departamentos_municipios_fk; Type: INDEX; Schema: public; Owner: postgres
--

CREATE INDEX departamentos_municipios_fk ON public.municipios USING btree (id_departamento);


--
-- TOC entry 3027 (class 1259 OID 42122)
-- Name: departamentos_pk; Type: INDEX; Schema: public; Owner: postgres
--

CREATE UNIQUE INDEX departamentos_pk ON public.departamentos USING btree (id_departamento);


--
-- TOC entry 3031 (class 1259 OID 42129)
-- Name: distritos_pk; Type: INDEX; Schema: public; Owner: postgres
--

CREATE UNIQUE INDEX distritos_pk ON public.distritos USING btree (id_distrito);


--
-- TOC entry 3036 (class 1259 OID 42139)
-- Name: docentes_capacitaciones_fk; Type: INDEX; Schema: public; Owner: postgres
--

CREATE INDEX docentes_capacitaciones_fk ON public.docentes USING btree (id_cap);


--
-- TOC entry 3037 (class 1259 OID 42141)
-- Name: docentes_g_acad_fk; Type: INDEX; Schema: public; Owner: postgres
--

CREATE INDEX docentes_g_acad_fk ON public.docentes USING btree (id_g_acad);


--
-- TOC entry 3038 (class 1259 OID 42136)
-- Name: docentes_pk; Type: INDEX; Schema: public; Owner: postgres
--

CREATE UNIQUE INDEX docentes_pk ON public.docentes USING btree (id_docente);


--
-- TOC entry 3043 (class 1259 OID 42150)
-- Name: equipos_tic_pk; Type: INDEX; Schema: public; Owner: postgres
--

CREATE UNIQUE INDEX equipos_tic_pk ON public.equipos_tic USING btree (id_equipo);


--
-- TOC entry 3048 (class 1259 OID 42157)
-- Name: estados_forms_pk; Type: INDEX; Schema: public; Owner: postgres
--

CREATE UNIQUE INDEX estados_forms_pk ON public.estados_forms USING btree (id_e_form);


--
-- TOC entry 3006 (class 1259 OID 42085)
-- Name: facultades_carreras_fk; Type: INDEX; Schema: public; Owner: postgres
--

CREATE INDEX facultades_carreras_fk ON public.carreras USING btree (id_facultad);


--
-- TOC entry 3053 (class 1259 OID 42168)
-- Name: facultades_pk; Type: INDEX; Schema: public; Owner: postgres
--

CREATE UNIQUE INDEX facultades_pk ON public.facultades USING btree (id_facultad);


--
-- TOC entry 3126 (class 1259 OID 42301)
-- Name: facultades_proyectos_fk; Type: INDEX; Schema: public; Owner: postgres
--

CREATE INDEX facultades_proyectos_fk ON public.proyectos USING btree (id_facultad);


--
-- TOC entry 3049 (class 1259 OID 42158)
-- Name: forms_ee_forms_fk; Type: INDEX; Schema: public; Owner: postgres
--

CREATE INDEX forms_ee_forms_fk ON public.estados_forms USING btree (id_form);


--
-- TOC entry 3057 (class 1259 OID 42175)
-- Name: forms_pk; Type: INDEX; Schema: public; Owner: postgres
--

CREATE UNIQUE INDEX forms_pk ON public.forms USING btree (id_form);


--
-- TOC entry 3159 (class 1259 OID 42361)
-- Name: forms_uu_de_invest_fk; Type: INDEX; Schema: public; Owner: postgres
--

CREATE INDEX forms_uu_de_invest_fk ON public.uu_de_invest USING btree (id_form);


--
-- TOC entry 3065 (class 1259 OID 42191)
-- Name: g_acad_acron_fk; Type: INDEX; Schema: public; Owner: postgres
--

CREATE INDEX g_acad_acron_fk ON public.grados_academicos USING btree (id_acronimo);


--
-- TOC entry 3061 (class 1259 OID 42183)
-- Name: gastos_rrff_pk; Type: INDEX; Schema: public; Owner: postgres
--

CREATE UNIQUE INDEX gastos_rrff_pk ON public.gastos_rrff USING btree (id_gasto);


--
-- TOC entry 3066 (class 1259 OID 42190)
-- Name: grados_academicos_pk; Type: INDEX; Schema: public; Owner: postgres
--

CREATE UNIQUE INDEX grados_academicos_pk ON public.grados_academicos USING btree (id_g_acad);


--
-- TOC entry 3069 (class 1259 OID 42197)
-- Name: indicadores_pk; Type: INDEX; Schema: public; Owner: postgres
--

CREATE UNIQUE INDEX indicadores_pk ON public.indicadores USING btree (id_indicador);


--
-- TOC entry 3073 (class 1259 OID 42209)
-- Name: inv_cap_fk; Type: INDEX; Schema: public; Owner: postgres
--

CREATE INDEX inv_cap_fk ON public.investigadores USING btree (id_cap);


--
-- TOC entry 3074 (class 1259 OID 42207)
-- Name: invest_carreras_fk; Type: INDEX; Schema: public; Owner: postgres
--

CREATE INDEX invest_carreras_fk ON public.investigadores USING btree (id_carrera);


--
-- TOC entry 3075 (class 1259 OID 42210)
-- Name: invest_g_acad_fk; Type: INDEX; Schema: public; Owner: postgres
--

CREATE INDEX invest_g_acad_fk ON public.investigadores USING btree (id_g_acad);


--
-- TOC entry 3076 (class 1259 OID 42204)
-- Name: investigadores_pk; Type: INDEX; Schema: public; Owner: postgres
--

CREATE UNIQUE INDEX investigadores_pk ON public.investigadores USING btree (id_invest);


--
-- TOC entry 2978 (class 1259 OID 42036)
-- Name: j_uj_g_acad_fk; Type: INDEX; Schema: public; Owner: postgres
--

CREATE INDEX j_uj_g_acad_fk ON public.aa_de_uu USING btree (id_g_acad);


--
-- TOC entry 2979 (class 1259 OID 42035)
-- Name: jefes_unidades_carreras_fk; Type: INDEX; Schema: public; Owner: postgres
--

CREATE INDEX jefes_unidades_carreras_fk ON public.aa_de_uu USING btree (id_carrera);


--
-- TOC entry 2980 (class 1259 OID 42034)
-- Name: jefes_unidades_invest_fk; Type: INDEX; Schema: public; Owner: postgres
--

CREATE INDEX jefes_unidades_invest_fk ON public.aa_de_uu USING btree (id_unidad);


--
-- TOC entry 3082 (class 1259 OID 42216)
-- Name: libros_pk; Type: INDEX; Schema: public; Owner: postgres
--

CREATE UNIQUE INDEX libros_pk ON public.libros USING btree (id_libro);


--
-- TOC entry 3085 (class 1259 OID 42222)
-- Name: lineas_investigaciones_pk; Type: INDEX; Schema: public; Owner: postgres
--

CREATE UNIQUE INDEX lineas_investigaciones_pk ON public.lineas_investigaciones USING btree (id_l_de_invest);


--
-- TOC entry 3088 (class 1259 OID 42230)
-- Name: ll_de_uu_t_infra_fk; Type: INDEX; Schema: public; Owner: postgres
--

CREATE INDEX ll_de_uu_t_infra_fk ON public.loc_de_uu USING btree (id_t_infra);


--
-- TOC entry 3089 (class 1259 OID 42228)
-- Name: loc_de_uu_pk; Type: INDEX; Schema: public; Owner: postgres
--

CREATE UNIQUE INDEX loc_de_uu_pk ON public.loc_de_uu USING btree (id_locacion);


--
-- TOC entry 3093 (class 1259 OID 42236)
-- Name: medios_de_publicacion_pk; Type: INDEX; Schema: public; Owner: postgres
--

CREATE UNIQUE INDEX medios_de_publicacion_pk ON public.medios_de_publicacion USING btree (id_medio_publicacion);


--
-- TOC entry 3094 (class 1259 OID 42238)
-- Name: mp_articulos_fk; Type: INDEX; Schema: public; Owner: postgres
--

CREATE INDEX mp_articulos_fk ON public.medios_de_publicacion USING btree (id_articulo);


--
-- TOC entry 3095 (class 1259 OID 42239)
-- Name: mp_libros_fk; Type: INDEX; Schema: public; Owner: postgres
--

CREATE INDEX mp_libros_fk ON public.medios_de_publicacion USING btree (id_libro);


--
-- TOC entry 3096 (class 1259 OID 42240)
-- Name: mp_revistas_fk; Type: INDEX; Schema: public; Owner: postgres
--

CREATE INDEX mp_revistas_fk ON public.medios_de_publicacion USING btree (id_revista);


--
-- TOC entry 3032 (class 1259 OID 42130)
-- Name: municipios_distritos_fk; Type: INDEX; Schema: public; Owner: postgres
--

CREATE INDEX municipios_distritos_fk ON public.distritos USING btree (id_municipio);


--
-- TOC entry 3101 (class 1259 OID 42246)
-- Name: municipios_pk; Type: INDEX; Schema: public; Owner: postgres
--

CREATE UNIQUE INDEX municipios_pk ON public.municipios USING btree (id_municipio);


--
-- TOC entry 3104 (class 1259 OID 42253)
-- Name: objetivos_de_proyecto_pk; Type: INDEX; Schema: public; Owner: postgres
--

CREATE UNIQUE INDEX objetivos_de_proyecto_pk ON public.objetivos_de_proyecto USING btree (id_objetivo);


--
-- TOC entry 2998 (class 1259 OID 42072)
-- Name: paises_capacitaciones_fk; Type: INDEX; Schema: public; Owner: postgres
--

CREATE INDEX paises_capacitaciones_fk ON public.capacitaciones USING btree (id_pais);


--
-- TOC entry 3028 (class 1259 OID 42123)
-- Name: paises_departamentos_fk; Type: INDEX; Schema: public; Owner: postgres
--

CREATE INDEX paises_departamentos_fk ON public.departamentos USING btree (id_pais);


--
-- TOC entry 3114 (class 1259 OID 42276)
-- Name: paises_personas_fk; Type: INDEX; Schema: public; Owner: postgres
--

CREATE INDEX paises_personas_fk ON public.personas USING btree (id_pais);


--
-- TOC entry 3107 (class 1259 OID 42259)
-- Name: paises_pk; Type: INDEX; Schema: public; Owner: postgres
--

CREATE UNIQUE INDEX paises_pk ON public.paises USING btree (id_pais);


--
-- TOC entry 3170 (class 1259 OID 42772)
-- Name: password_resets_email_index; Type: INDEX; Schema: public; Owner: postgres
--

CREATE INDEX password_resets_email_index ON public.password_resets USING btree (email);


--
-- TOC entry 3110 (class 1259 OID 42265)
-- Name: patentes_pk; Type: INDEX; Schema: public; Owner: postgres
--

CREATE UNIQUE INDEX patentes_pk ON public.patentes USING btree (id_patente);


--
-- TOC entry 3017 (class 1259 OID 42100)
-- Name: personas_colaboradores_fk; Type: INDEX; Schema: public; Owner: postgres
--

CREATE INDEX personas_colaboradores_fk ON public.colaboradores USING btree (id_persona);


--
-- TOC entry 3039 (class 1259 OID 42137)
-- Name: personas_docentes_fk; Type: INDEX; Schema: public; Owner: postgres
--

CREATE INDEX personas_docentes_fk ON public.docentes USING btree (id_persona);


--
-- TOC entry 3077 (class 1259 OID 42205)
-- Name: personas_investigadores_fk; Type: INDEX; Schema: public; Owner: postgres
--

CREATE INDEX personas_investigadores_fk ON public.investigadores USING btree (id_persona);


--
-- TOC entry 2981 (class 1259 OID 42033)
-- Name: personas_jefes_unidades_fk; Type: INDEX; Schema: public; Owner: postgres
--

CREATE INDEX personas_jefes_unidades_fk ON public.aa_de_uu USING btree (id_persona);


--
-- TOC entry 3115 (class 1259 OID 42275)
-- Name: personas_pk; Type: INDEX; Schema: public; Owner: postgres
--

CREATE UNIQUE INDEX personas_pk ON public.personas USING btree (id_persona);


--
-- TOC entry 3120 (class 1259 OID 42282)
-- Name: ponencias_pk; Type: INDEX; Schema: public; Owner: postgres
--

CREATE UNIQUE INDEX ponencias_pk ON public.ponencias USING btree (id_ponencia);


--
-- TOC entry 3124 (class 1259 OID 42289)
-- Name: presupuestos_rrff_pk; Type: INDEX; Schema: public; Owner: postgres
--

CREATE UNIQUE INDEX presupuestos_rrff_pk ON public.presupuestos_rrff USING btree (id_presupuesto);


--
-- TOC entry 3092 (class 1259 OID 42229)
-- Name: proyecto_locaciones_fk; Type: INDEX; Schema: public; Owner: postgres
--

CREATE INDEX proyecto_locaciones_fk ON public.loc_de_uu USING btree (id_proyecto);


--
-- TOC entry 2990 (class 1259 OID 42050)
-- Name: proyectos_actividades_fk; Type: INDEX; Schema: public; Owner: postgres
--

CREATE INDEX proyectos_actividades_fk ON public.actividades_de_proyectos USING btree (id_proyecto);


--
-- TOC entry 3129 (class 1259 OID 42297)
-- Name: proyectos_areas_fk; Type: INDEX; Schema: public; Owner: postgres
--

CREATE INDEX proyectos_areas_fk ON public.proyectos USING btree (id_area_conocimiento);


--
-- TOC entry 3046 (class 1259 OID 42151)
-- Name: proyectos_equipos_tic_fk; Type: INDEX; Schema: public; Owner: postgres
--

CREATE INDEX proyectos_equipos_tic_fk ON public.equipos_tic USING btree (id_proyecto);


--
-- TOC entry 3072 (class 1259 OID 42198)
-- Name: proyectos_indicadores_fk; Type: INDEX; Schema: public; Owner: postgres
--

CREATE INDEX proyectos_indicadores_fk ON public.indicadores USING btree (id_proyecto);


--
-- TOC entry 3130 (class 1259 OID 42298)
-- Name: proyectos_ll_de_invest_fk; Type: INDEX; Schema: public; Owner: postgres
--

CREATE INDEX proyectos_ll_de_invest_fk ON public.proyectos USING btree (id_l_de_invest);


--
-- TOC entry 3131 (class 1259 OID 42300)
-- Name: proyectos_objetivos_fk; Type: INDEX; Schema: public; Owner: postgres
--

CREATE INDEX proyectos_objetivos_fk ON public.proyectos USING btree (id_objetivo);


--
-- TOC entry 3132 (class 1259 OID 42296)
-- Name: proyectos_pk; Type: INDEX; Schema: public; Owner: postgres
--

CREATE UNIQUE INDEX proyectos_pk ON public.proyectos USING btree (id_proyecto);


--
-- TOC entry 3137 (class 1259 OID 42309)
-- Name: proyectos_publicaciones_fk; Type: INDEX; Schema: public; Owner: postgres
--

CREATE INDEX proyectos_publicaciones_fk ON public.publicaciones USING btree (id_proyecto);


--
-- TOC entry 3141 (class 1259 OID 42319)
-- Name: proyectos_recursos_tic_fk; Type: INDEX; Schema: public; Owner: postgres
--

CREATE INDEX proyectos_recursos_tic_fk ON public.recursos_tic USING btree (id_proyecto);


--
-- TOC entry 3099 (class 1259 OID 42237)
-- Name: publicaciones_medios_fk; Type: INDEX; Schema: public; Owner: postgres
--

CREATE INDEX publicaciones_medios_fk ON public.medios_de_publicacion USING btree (id_publicacion);


--
-- TOC entry 3113 (class 1259 OID 42266)
-- Name: publicaciones_patentes_fk; Type: INDEX; Schema: public; Owner: postgres
--

CREATE INDEX publicaciones_patentes_fk ON public.patentes USING btree (id_publicacion);


--
-- TOC entry 3138 (class 1259 OID 42308)
-- Name: publicaciones_pk; Type: INDEX; Schema: public; Owner: postgres
--

CREATE UNIQUE INDEX publicaciones_pk ON public.publicaciones USING btree (id_publicacion);


--
-- TOC entry 3121 (class 1259 OID 42283)
-- Name: publicaciones_ponencias_fk; Type: INDEX; Schema: public; Owner: postgres
--

CREATE INDEX publicaciones_ponencias_fk ON public.ponencias USING btree (id_publicacion);


--
-- TOC entry 3142 (class 1259 OID 42318)
-- Name: recursos_tic_pk; Type: INDEX; Schema: public; Owner: postgres
--

CREATE UNIQUE INDEX recursos_tic_pk ON public.recursos_tic USING btree (id_recurso);


--
-- TOC entry 3145 (class 1259 OID 42325)
-- Name: revistas_cientificas_pk; Type: INDEX; Schema: public; Owner: postgres
--

CREATE UNIQUE INDEX revistas_cientificas_pk ON public.revistas_cientificas USING btree (id_revista);


--
-- TOC entry 3042 (class 1259 OID 42140)
-- Name: rr_docentes_fk; Type: INDEX; Schema: public; Owner: postgres
--

CREATE INDEX rr_docentes_fk ON public.docentes USING btree (id_unidad_rrhh);


--
-- TOC entry 3162 (class 1259 OID 42359)
-- Name: rrff_unidad_investigacion_fk; Type: INDEX; Schema: public; Owner: postgres
--

CREATE INDEX rrff_unidad_investigacion_fk ON public.uu_de_invest USING btree (id_unidad_rrff);


--
-- TOC entry 3020 (class 1259 OID 42103)
-- Name: rrhh_colaboradores_fk; Type: INDEX; Schema: public; Owner: postgres
--

CREATE INDEX rrhh_colaboradores_fk ON public.colaboradores USING btree (id_unidad_rrhh);


--
-- TOC entry 3080 (class 1259 OID 42208)
-- Name: rrhh_investigadores_fk; Type: INDEX; Schema: public; Owner: postgres
--

CREATE INDEX rrhh_investigadores_fk ON public.investigadores USING btree (id_unidad_rrhh);


--
-- TOC entry 3133 (class 1259 OID 42302)
-- Name: rrhh_proyectos_fk; Type: INDEX; Schema: public; Owner: postgres
--

CREATE INDEX rrhh_proyectos_fk ON public.proyectos USING btree (id_unidad_rrhh);


--
-- TOC entry 3060 (class 1259 OID 42176)
-- Name: t_forms_forms_fk; Type: INDEX; Schema: public; Owner: postgres
--

CREATE INDEX t_forms_forms_fk ON public.forms USING btree (id_t_form);


--
-- TOC entry 3151 (class 1259 OID 42337)
-- Name: t_infraestructuras_pk; Type: INDEX; Schema: public; Owner: postgres
--

CREATE UNIQUE INDEX t_infraestructuras_pk ON public.t_infraestructuras USING btree (id_t_infra);


--
-- TOC entry 3148 (class 1259 OID 42331)
-- Name: tipos_formularios_pk; Type: INDEX; Schema: public; Owner: postgres
--

CREATE UNIQUE INDEX tipos_formularios_pk ON public.tipos_formularios USING btree (id_t_form);


--
-- TOC entry 3064 (class 1259 OID 42184)
-- Name: unidades_gastos_fk; Type: INDEX; Schema: public; Owner: postgres
--

CREATE INDEX unidades_gastos_fk ON public.gastos_rrff USING btree (id_unidad_rrff);


--
-- TOC entry 3081 (class 1259 OID 42206)
-- Name: unidades_investigadores_fk; Type: INDEX; Schema: public; Owner: postgres
--

CREATE INDEX unidades_investigadores_fk ON public.investigadores USING btree (id_unidad);


--
-- TOC entry 3125 (class 1259 OID 42290)
-- Name: unidades_presupuestos_fk; Type: INDEX; Schema: public; Owner: postgres
--

CREATE INDEX unidades_presupuestos_fk ON public.presupuestos_rrff USING btree (id_unidad_rrff);


--
-- TOC entry 3134 (class 1259 OID 42299)
-- Name: unidades_proyectos_fk; Type: INDEX; Schema: public; Owner: postgres
--

CREATE INDEX unidades_proyectos_fk ON public.proyectos USING btree (id_unidad);


--
-- TOC entry 3154 (class 1259 OID 42343)
-- Name: unidades_rrff_pk; Type: INDEX; Schema: public; Owner: postgres
--

CREATE UNIQUE INDEX unidades_rrff_pk ON public.unidades_rrff USING btree (id_unidad_rrff);


--
-- TOC entry 3157 (class 1259 OID 42349)
-- Name: unidades_rrhh_pk; Type: INDEX; Schema: public; Owner: postgres
--

CREATE UNIQUE INDEX unidades_rrhh_pk ON public.unidades_rrhh USING btree (id_unidad_rrhh);


--
-- TOC entry 3163 (class 1259 OID 42358)
-- Name: uu_de_invest_pk; Type: INDEX; Schema: public; Owner: postgres
--

CREATE UNIQUE INDEX uu_de_invest_pk ON public.uu_de_invest USING btree (id_unidad);


--
-- TOC entry 3175 (class 2606 OID 42362)
-- Name: aa_de_uu fk_aa_de_uu_aa_de_uu__cargos; Type: FK CONSTRAINT; Schema: public; Owner: postgres
--

ALTER TABLE ONLY public.aa_de_uu
    ADD CONSTRAINT fk_aa_de_uu_aa_de_uu__cargos FOREIGN KEY (id_cargo) REFERENCES public.cargos(id_cargo) ON UPDATE RESTRICT ON DELETE RESTRICT;


--
-- TOC entry 3178 (class 2606 OID 42377)
-- Name: aa_de_uu fk_aa_de_uu_j_uj_g_ac_grados_a; Type: FK CONSTRAINT; Schema: public; Owner: postgres
--

ALTER TABLE ONLY public.aa_de_uu
    ADD CONSTRAINT fk_aa_de_uu_j_uj_g_ac_grados_a FOREIGN KEY (id_g_acad) REFERENCES public.grados_academicos(id_g_acad) ON UPDATE RESTRICT ON DELETE RESTRICT;


--
-- TOC entry 3176 (class 2606 OID 42367)
-- Name: aa_de_uu fk_aa_de_uu_jefes_uni_carreras; Type: FK CONSTRAINT; Schema: public; Owner: postgres
--

ALTER TABLE ONLY public.aa_de_uu
    ADD CONSTRAINT fk_aa_de_uu_jefes_uni_carreras FOREIGN KEY (id_carrera) REFERENCES public.carreras(id_carrera) ON UPDATE RESTRICT ON DELETE RESTRICT;


--
-- TOC entry 3177 (class 2606 OID 42372)
-- Name: aa_de_uu fk_aa_de_uu_jefes_uni_uu_de_in; Type: FK CONSTRAINT; Schema: public; Owner: postgres
--

ALTER TABLE ONLY public.aa_de_uu
    ADD CONSTRAINT fk_aa_de_uu_jefes_uni_uu_de_in FOREIGN KEY (id_unidad) REFERENCES public.uu_de_invest(id_unidad) ON UPDATE RESTRICT ON DELETE RESTRICT;


--
-- TOC entry 3179 (class 2606 OID 42382)
-- Name: aa_de_uu fk_aa_de_uu_personas__personas; Type: FK CONSTRAINT; Schema: public; Owner: postgres
--

ALTER TABLE ONLY public.aa_de_uu
    ADD CONSTRAINT fk_aa_de_uu_personas__personas FOREIGN KEY (id_persona) REFERENCES public.personas(id_persona) ON UPDATE RESTRICT ON DELETE RESTRICT;


--
-- TOC entry 3180 (class 2606 OID 42387)
-- Name: actividades_de_proyectos fk_activida_proyectos_proyecto; Type: FK CONSTRAINT; Schema: public; Owner: postgres
--

ALTER TABLE ONLY public.actividades_de_proyectos
    ADD CONSTRAINT fk_activida_proyectos_proyecto FOREIGN KEY (id_proyecto) REFERENCES public.proyectos(id_proyecto) ON UPDATE RESTRICT ON DELETE RESTRICT;


--
-- TOC entry 3181 (class 2606 OID 42392)
-- Name: capacitaciones fk_capacita_paises_ca_paises; Type: FK CONSTRAINT; Schema: public; Owner: postgres
--

ALTER TABLE ONLY public.capacitaciones
    ADD CONSTRAINT fk_capacita_paises_ca_paises FOREIGN KEY (id_pais) REFERENCES public.paises(id_pais) ON UPDATE RESTRICT ON DELETE RESTRICT;


--
-- TOC entry 3182 (class 2606 OID 42397)
-- Name: carreras fk_carreras_carreras__acronimo; Type: FK CONSTRAINT; Schema: public; Owner: postgres
--

ALTER TABLE ONLY public.carreras
    ADD CONSTRAINT fk_carreras_carreras__acronimo FOREIGN KEY (id_acronimo) REFERENCES public.acronimos(id_acronimo) ON UPDATE RESTRICT ON DELETE RESTRICT;


--
-- TOC entry 3183 (class 2606 OID 42402)
-- Name: carreras fk_carreras_facultade_facultad; Type: FK CONSTRAINT; Schema: public; Owner: postgres
--

ALTER TABLE ONLY public.carreras
    ADD CONSTRAINT fk_carreras_facultade_facultad FOREIGN KEY (id_facultad) REFERENCES public.facultades(id_facultad) ON UPDATE RESTRICT ON DELETE RESTRICT;


--
-- TOC entry 3184 (class 2606 OID 42407)
-- Name: cc_periodos_ fk_cc_perio_cc_cierre_consolid; Type: FK CONSTRAINT; Schema: public; Owner: postgres
--

ALTER TABLE ONLY public.cc_periodos_
    ADD CONSTRAINT fk_cc_perio_cc_cierre_consolid FOREIGN KEY (id_consolidacion) REFERENCES public.consolidaciones(id_consolidacion) ON UPDATE RESTRICT ON DELETE RESTRICT;


--
-- TOC entry 3185 (class 2606 OID 42412)
-- Name: colaboradores fk_colabora_carreras__carreras; Type: FK CONSTRAINT; Schema: public; Owner: postgres
--

ALTER TABLE ONLY public.colaboradores
    ADD CONSTRAINT fk_colabora_carreras__carreras FOREIGN KEY (id_carrera) REFERENCES public.carreras(id_carrera) ON UPDATE RESTRICT ON DELETE RESTRICT;


--
-- TOC entry 3187 (class 2606 OID 42422)
-- Name: colaboradores fk_colabora_colab_g_a_grados_a; Type: FK CONSTRAINT; Schema: public; Owner: postgres
--

ALTER TABLE ONLY public.colaboradores
    ADD CONSTRAINT fk_colabora_colab_g_a_grados_a FOREIGN KEY (id_g_acad) REFERENCES public.grados_academicos(id_g_acad) ON UPDATE RESTRICT ON DELETE RESTRICT;


--
-- TOC entry 3186 (class 2606 OID 42417)
-- Name: colaboradores fk_colabora_colaborad_capacita; Type: FK CONSTRAINT; Schema: public; Owner: postgres
--

ALTER TABLE ONLY public.colaboradores
    ADD CONSTRAINT fk_colabora_colaborad_capacita FOREIGN KEY (id_cap) REFERENCES public.capacitaciones(id_cap) ON UPDATE RESTRICT ON DELETE RESTRICT;


--
-- TOC entry 3188 (class 2606 OID 42427)
-- Name: colaboradores fk_colabora_personas__personas; Type: FK CONSTRAINT; Schema: public; Owner: postgres
--

ALTER TABLE ONLY public.colaboradores
    ADD CONSTRAINT fk_colabora_personas__personas FOREIGN KEY (id_persona) REFERENCES public.personas(id_persona) ON UPDATE RESTRICT ON DELETE RESTRICT;


--
-- TOC entry 3189 (class 2606 OID 42432)
-- Name: colaboradores fk_colabora_rrhh_cola_unidades; Type: FK CONSTRAINT; Schema: public; Owner: postgres
--

ALTER TABLE ONLY public.colaboradores
    ADD CONSTRAINT fk_colabora_rrhh_cola_unidades FOREIGN KEY (id_unidad_rrhh) REFERENCES public.unidades_rrhh(id_unidad_rrhh) ON UPDATE RESTRICT ON DELETE RESTRICT;


--
-- TOC entry 3190 (class 2606 OID 42437)
-- Name: departamentos fk_departam_paises_de_paises; Type: FK CONSTRAINT; Schema: public; Owner: postgres
--

ALTER TABLE ONLY public.departamentos
    ADD CONSTRAINT fk_departam_paises_de_paises FOREIGN KEY (id_pais) REFERENCES public.paises(id_pais) ON UPDATE RESTRICT ON DELETE RESTRICT;


--
-- TOC entry 3191 (class 2606 OID 42442)
-- Name: distritos fk_distrito_municipio_municipi; Type: FK CONSTRAINT; Schema: public; Owner: postgres
--

ALTER TABLE ONLY public.distritos
    ADD CONSTRAINT fk_distrito_municipio_municipi FOREIGN KEY (id_municipio) REFERENCES public.municipios(id_municipio) ON UPDATE RESTRICT ON DELETE RESTRICT;


--
-- TOC entry 3192 (class 2606 OID 42447)
-- Name: docentes fk_docentes_carreras__carreras; Type: FK CONSTRAINT; Schema: public; Owner: postgres
--

ALTER TABLE ONLY public.docentes
    ADD CONSTRAINT fk_docentes_carreras__carreras FOREIGN KEY (id_carrera) REFERENCES public.carreras(id_carrera) ON UPDATE RESTRICT ON DELETE RESTRICT;


--
-- TOC entry 3193 (class 2606 OID 42452)
-- Name: docentes fk_docentes_docentes__capacita; Type: FK CONSTRAINT; Schema: public; Owner: postgres
--

ALTER TABLE ONLY public.docentes
    ADD CONSTRAINT fk_docentes_docentes__capacita FOREIGN KEY (id_cap) REFERENCES public.capacitaciones(id_cap) ON UPDATE RESTRICT ON DELETE RESTRICT;


--
-- TOC entry 3194 (class 2606 OID 42457)
-- Name: docentes fk_docentes_docentes__grados_a; Type: FK CONSTRAINT; Schema: public; Owner: postgres
--

ALTER TABLE ONLY public.docentes
    ADD CONSTRAINT fk_docentes_docentes__grados_a FOREIGN KEY (id_g_acad) REFERENCES public.grados_academicos(id_g_acad) ON UPDATE RESTRICT ON DELETE RESTRICT;


--
-- TOC entry 3195 (class 2606 OID 42462)
-- Name: docentes fk_docentes_personas__personas; Type: FK CONSTRAINT; Schema: public; Owner: postgres
--

ALTER TABLE ONLY public.docentes
    ADD CONSTRAINT fk_docentes_personas__personas FOREIGN KEY (id_persona) REFERENCES public.personas(id_persona) ON UPDATE RESTRICT ON DELETE RESTRICT;


--
-- TOC entry 3196 (class 2606 OID 42467)
-- Name: docentes fk_docentes_rr_docent_unidades; Type: FK CONSTRAINT; Schema: public; Owner: postgres
--

ALTER TABLE ONLY public.docentes
    ADD CONSTRAINT fk_docentes_rr_docent_unidades FOREIGN KEY (id_unidad_rrhh) REFERENCES public.unidades_rrhh(id_unidad_rrhh) ON UPDATE RESTRICT ON DELETE RESTRICT;


--
-- TOC entry 3197 (class 2606 OID 42472)
-- Name: equipos_tic fk_equipos__proyectos_proyecto; Type: FK CONSTRAINT; Schema: public; Owner: postgres
--

ALTER TABLE ONLY public.equipos_tic
    ADD CONSTRAINT fk_equipos__proyectos_proyecto FOREIGN KEY (id_proyecto) REFERENCES public.proyectos(id_proyecto) ON UPDATE RESTRICT ON DELETE RESTRICT;


--
-- TOC entry 3198 (class 2606 OID 42477)
-- Name: estados_forms fk_estados__cc_ee_for_consolid; Type: FK CONSTRAINT; Schema: public; Owner: postgres
--

ALTER TABLE ONLY public.estados_forms
    ADD CONSTRAINT fk_estados__cc_ee_for_consolid FOREIGN KEY (id_consolidacion) REFERENCES public.consolidaciones(id_consolidacion) ON UPDATE RESTRICT ON DELETE RESTRICT;


--
-- TOC entry 3199 (class 2606 OID 42482)
-- Name: estados_forms fk_estados__forms_ee__forms; Type: FK CONSTRAINT; Schema: public; Owner: postgres
--

ALTER TABLE ONLY public.estados_forms
    ADD CONSTRAINT fk_estados__forms_ee__forms FOREIGN KEY (id_form) REFERENCES public.forms(id_form) ON UPDATE RESTRICT ON DELETE RESTRICT;


--
-- TOC entry 3200 (class 2606 OID 42487)
-- Name: facultades fk_facultad_cc_facult_consolid; Type: FK CONSTRAINT; Schema: public; Owner: postgres
--

ALTER TABLE ONLY public.facultades
    ADD CONSTRAINT fk_facultad_cc_facult_consolid FOREIGN KEY (id_consolidacion) REFERENCES public.consolidaciones(id_consolidacion) ON UPDATE RESTRICT ON DELETE RESTRICT;


--
-- TOC entry 3201 (class 2606 OID 42492)
-- Name: forms fk_forms_cc_pp_for_cc_perio; Type: FK CONSTRAINT; Schema: public; Owner: postgres
--

ALTER TABLE ONLY public.forms
    ADD CONSTRAINT fk_forms_cc_pp_for_cc_perio FOREIGN KEY (id_cierre_periodo_) REFERENCES public.cc_periodos_(id_cierre_periodo_) ON UPDATE RESTRICT ON DELETE RESTRICT;


--
-- TOC entry 3202 (class 2606 OID 42497)
-- Name: forms fk_forms_t_forms_f_tipos_fo; Type: FK CONSTRAINT; Schema: public; Owner: postgres
--

ALTER TABLE ONLY public.forms
    ADD CONSTRAINT fk_forms_t_forms_f_tipos_fo FOREIGN KEY (id_t_form) REFERENCES public.tipos_formularios(id_t_form) ON UPDATE RESTRICT ON DELETE RESTRICT;


--
-- TOC entry 3203 (class 2606 OID 42502)
-- Name: gastos_rrff fk_gastos_r_unidades__unidades; Type: FK CONSTRAINT; Schema: public; Owner: postgres
--

ALTER TABLE ONLY public.gastos_rrff
    ADD CONSTRAINT fk_gastos_r_unidades__unidades FOREIGN KEY (id_unidad_rrff) REFERENCES public.unidades_rrff(id_unidad_rrff) ON UPDATE RESTRICT ON DELETE RESTRICT;


--
-- TOC entry 3204 (class 2606 OID 42507)
-- Name: grados_academicos fk_grados_a_g_acad_ac_acronimo; Type: FK CONSTRAINT; Schema: public; Owner: postgres
--

ALTER TABLE ONLY public.grados_academicos
    ADD CONSTRAINT fk_grados_a_g_acad_ac_acronimo FOREIGN KEY (id_acronimo) REFERENCES public.acronimos(id_acronimo) ON UPDATE RESTRICT ON DELETE RESTRICT;


--
-- TOC entry 3205 (class 2606 OID 42512)
-- Name: indicadores fk_indicado_proyectos_proyecto; Type: FK CONSTRAINT; Schema: public; Owner: postgres
--

ALTER TABLE ONLY public.indicadores
    ADD CONSTRAINT fk_indicado_proyectos_proyecto FOREIGN KEY (id_proyecto) REFERENCES public.proyectos(id_proyecto) ON UPDATE RESTRICT ON DELETE RESTRICT;


--
-- TOC entry 3208 (class 2606 OID 42527)
-- Name: investigadores fk_investig_inv_cap_capacita; Type: FK CONSTRAINT; Schema: public; Owner: postgres
--

ALTER TABLE ONLY public.investigadores
    ADD CONSTRAINT fk_investig_inv_cap_capacita FOREIGN KEY (id_cap) REFERENCES public.capacitaciones(id_cap) ON UPDATE RESTRICT ON DELETE RESTRICT;


--
-- TOC entry 3206 (class 2606 OID 42517)
-- Name: investigadores fk_investig_invest_ca_carreras; Type: FK CONSTRAINT; Schema: public; Owner: postgres
--

ALTER TABLE ONLY public.investigadores
    ADD CONSTRAINT fk_investig_invest_ca_carreras FOREIGN KEY (id_carrera) REFERENCES public.carreras(id_carrera) ON UPDATE RESTRICT ON DELETE RESTRICT;


--
-- TOC entry 3207 (class 2606 OID 42522)
-- Name: investigadores fk_investig_invest_g__grados_a; Type: FK CONSTRAINT; Schema: public; Owner: postgres
--

ALTER TABLE ONLY public.investigadores
    ADD CONSTRAINT fk_investig_invest_g__grados_a FOREIGN KEY (id_g_acad) REFERENCES public.grados_academicos(id_g_acad) ON UPDATE RESTRICT ON DELETE RESTRICT;


--
-- TOC entry 3209 (class 2606 OID 42532)
-- Name: investigadores fk_investig_personas__personas; Type: FK CONSTRAINT; Schema: public; Owner: postgres
--

ALTER TABLE ONLY public.investigadores
    ADD CONSTRAINT fk_investig_personas__personas FOREIGN KEY (id_persona) REFERENCES public.personas(id_persona) ON UPDATE RESTRICT ON DELETE RESTRICT;


--
-- TOC entry 3210 (class 2606 OID 42537)
-- Name: investigadores fk_investig_rrhh_inve_unidades; Type: FK CONSTRAINT; Schema: public; Owner: postgres
--

ALTER TABLE ONLY public.investigadores
    ADD CONSTRAINT fk_investig_rrhh_inve_unidades FOREIGN KEY (id_unidad_rrhh) REFERENCES public.unidades_rrhh(id_unidad_rrhh) ON UPDATE RESTRICT ON DELETE RESTRICT;


--
-- TOC entry 3211 (class 2606 OID 42542)
-- Name: investigadores fk_investig_unidades__uu_de_in; Type: FK CONSTRAINT; Schema: public; Owner: postgres
--

ALTER TABLE ONLY public.investigadores
    ADD CONSTRAINT fk_investig_unidades__uu_de_in FOREIGN KEY (id_unidad) REFERENCES public.uu_de_invest(id_unidad) ON UPDATE RESTRICT ON DELETE RESTRICT;


--
-- TOC entry 3212 (class 2606 OID 42547)
-- Name: loc_de_uu fk_loc_de_u_ll_de_uu__t_infrae; Type: FK CONSTRAINT; Schema: public; Owner: postgres
--

ALTER TABLE ONLY public.loc_de_uu
    ADD CONSTRAINT fk_loc_de_u_ll_de_uu__t_infrae FOREIGN KEY (id_t_infra) REFERENCES public.t_infraestructuras(id_t_infra) ON UPDATE RESTRICT ON DELETE RESTRICT;


--
-- TOC entry 3213 (class 2606 OID 42552)
-- Name: loc_de_uu fk_loc_de_u_proyecto__proyecto; Type: FK CONSTRAINT; Schema: public; Owner: postgres
--

ALTER TABLE ONLY public.loc_de_uu
    ADD CONSTRAINT fk_loc_de_u_proyecto__proyecto FOREIGN KEY (id_proyecto) REFERENCES public.proyectos(id_proyecto) ON UPDATE RESTRICT ON DELETE RESTRICT;


--
-- TOC entry 3214 (class 2606 OID 42557)
-- Name: medios_de_publicacion fk_medios_d_mp_articu_articulo; Type: FK CONSTRAINT; Schema: public; Owner: postgres
--

ALTER TABLE ONLY public.medios_de_publicacion
    ADD CONSTRAINT fk_medios_d_mp_articu_articulo FOREIGN KEY (id_articulo) REFERENCES public.articulos(id_articulo) ON UPDATE RESTRICT ON DELETE RESTRICT;


--
-- TOC entry 3215 (class 2606 OID 42562)
-- Name: medios_de_publicacion fk_medios_d_mp_libros_libros; Type: FK CONSTRAINT; Schema: public; Owner: postgres
--

ALTER TABLE ONLY public.medios_de_publicacion
    ADD CONSTRAINT fk_medios_d_mp_libros_libros FOREIGN KEY (id_libro) REFERENCES public.libros(id_libro) ON UPDATE RESTRICT ON DELETE RESTRICT;


--
-- TOC entry 3216 (class 2606 OID 42567)
-- Name: medios_de_publicacion fk_medios_d_mp_revist_revistas; Type: FK CONSTRAINT; Schema: public; Owner: postgres
--

ALTER TABLE ONLY public.medios_de_publicacion
    ADD CONSTRAINT fk_medios_d_mp_revist_revistas FOREIGN KEY (id_revista) REFERENCES public.revistas_cientificas(id_revista) ON UPDATE RESTRICT ON DELETE RESTRICT;


--
-- TOC entry 3217 (class 2606 OID 42572)
-- Name: medios_de_publicacion fk_medios_d_publicaci_publicac; Type: FK CONSTRAINT; Schema: public; Owner: postgres
--

ALTER TABLE ONLY public.medios_de_publicacion
    ADD CONSTRAINT fk_medios_d_publicaci_publicac FOREIGN KEY (id_publicacion) REFERENCES public.publicaciones(id_publicacion) ON UPDATE RESTRICT ON DELETE RESTRICT;


--
-- TOC entry 3218 (class 2606 OID 42577)
-- Name: municipios fk_municipi_departame_departam; Type: FK CONSTRAINT; Schema: public; Owner: postgres
--

ALTER TABLE ONLY public.municipios
    ADD CONSTRAINT fk_municipi_departame_departam FOREIGN KEY (id_departamento) REFERENCES public.departamentos(id_departamento) ON UPDATE RESTRICT ON DELETE RESTRICT;


--
-- TOC entry 3219 (class 2606 OID 42582)
-- Name: patentes fk_patentes_publicaci_publicac; Type: FK CONSTRAINT; Schema: public; Owner: postgres
--

ALTER TABLE ONLY public.patentes
    ADD CONSTRAINT fk_patentes_publicaci_publicac FOREIGN KEY (id_publicacion) REFERENCES public.publicaciones(id_publicacion) ON UPDATE RESTRICT ON DELETE RESTRICT;


--
-- TOC entry 3220 (class 2606 OID 42587)
-- Name: personas fk_personas_paises_pe_paises; Type: FK CONSTRAINT; Schema: public; Owner: postgres
--

ALTER TABLE ONLY public.personas
    ADD CONSTRAINT fk_personas_paises_pe_paises FOREIGN KEY (id_pais) REFERENCES public.paises(id_pais) ON UPDATE RESTRICT ON DELETE RESTRICT;


--
-- TOC entry 3221 (class 2606 OID 42592)
-- Name: ponencias fk_ponencia_publicaci_publicac; Type: FK CONSTRAINT; Schema: public; Owner: postgres
--

ALTER TABLE ONLY public.ponencias
    ADD CONSTRAINT fk_ponencia_publicaci_publicac FOREIGN KEY (id_publicacion) REFERENCES public.publicaciones(id_publicacion) ON UPDATE RESTRICT ON DELETE RESTRICT;


--
-- TOC entry 3222 (class 2606 OID 42597)
-- Name: presupuestos_rrff fk_presupue_unidades__unidades; Type: FK CONSTRAINT; Schema: public; Owner: postgres
--

ALTER TABLE ONLY public.presupuestos_rrff
    ADD CONSTRAINT fk_presupue_unidades__unidades FOREIGN KEY (id_unidad_rrff) REFERENCES public.unidades_rrff(id_unidad_rrff) ON UPDATE RESTRICT ON DELETE RESTRICT;


--
-- TOC entry 3223 (class 2606 OID 42602)
-- Name: proyectos fk_proyecto_facultade_facultad; Type: FK CONSTRAINT; Schema: public; Owner: postgres
--

ALTER TABLE ONLY public.proyectos
    ADD CONSTRAINT fk_proyecto_facultade_facultad FOREIGN KEY (id_facultad) REFERENCES public.facultades(id_facultad) ON UPDATE RESTRICT ON DELETE RESTRICT;


--
-- TOC entry 3224 (class 2606 OID 42607)
-- Name: proyectos fk_proyecto_proyectos_areas_de; Type: FK CONSTRAINT; Schema: public; Owner: postgres
--

ALTER TABLE ONLY public.proyectos
    ADD CONSTRAINT fk_proyecto_proyectos_areas_de FOREIGN KEY (id_area_conocimiento) REFERENCES public.areas_de_conocimientos(id_area_conocimiento) ON UPDATE RESTRICT ON DELETE RESTRICT;


--
-- TOC entry 3225 (class 2606 OID 42612)
-- Name: proyectos fk_proyecto_proyectos_lineas_i; Type: FK CONSTRAINT; Schema: public; Owner: postgres
--

ALTER TABLE ONLY public.proyectos
    ADD CONSTRAINT fk_proyecto_proyectos_lineas_i FOREIGN KEY (id_l_de_invest) REFERENCES public.lineas_investigaciones(id_l_de_invest) ON UPDATE RESTRICT ON DELETE RESTRICT;


--
-- TOC entry 3226 (class 2606 OID 42617)
-- Name: proyectos fk_proyecto_proyectos_objetivo; Type: FK CONSTRAINT; Schema: public; Owner: postgres
--

ALTER TABLE ONLY public.proyectos
    ADD CONSTRAINT fk_proyecto_proyectos_objetivo FOREIGN KEY (id_objetivo) REFERENCES public.objetivos_de_proyecto(id_objetivo) ON UPDATE RESTRICT ON DELETE RESTRICT;


--
-- TOC entry 3227 (class 2606 OID 42622)
-- Name: proyectos fk_proyecto_rrhh_proy_unidades; Type: FK CONSTRAINT; Schema: public; Owner: postgres
--

ALTER TABLE ONLY public.proyectos
    ADD CONSTRAINT fk_proyecto_rrhh_proy_unidades FOREIGN KEY (id_unidad_rrhh) REFERENCES public.unidades_rrhh(id_unidad_rrhh) ON UPDATE RESTRICT ON DELETE RESTRICT;


--
-- TOC entry 3228 (class 2606 OID 42627)
-- Name: proyectos fk_proyecto_unidades__uu_de_in; Type: FK CONSTRAINT; Schema: public; Owner: postgres
--

ALTER TABLE ONLY public.proyectos
    ADD CONSTRAINT fk_proyecto_unidades__uu_de_in FOREIGN KEY (id_unidad) REFERENCES public.uu_de_invest(id_unidad) ON UPDATE RESTRICT ON DELETE RESTRICT;


--
-- TOC entry 3229 (class 2606 OID 42632)
-- Name: publicaciones fk_publicac_proyectos_proyecto; Type: FK CONSTRAINT; Schema: public; Owner: postgres
--

ALTER TABLE ONLY public.publicaciones
    ADD CONSTRAINT fk_publicac_proyectos_proyecto FOREIGN KEY (id_proyecto) REFERENCES public.proyectos(id_proyecto) ON UPDATE RESTRICT ON DELETE RESTRICT;


--
-- TOC entry 3230 (class 2606 OID 42637)
-- Name: recursos_tic fk_recursos_proyectos_proyecto; Type: FK CONSTRAINT; Schema: public; Owner: postgres
--

ALTER TABLE ONLY public.recursos_tic
    ADD CONSTRAINT fk_recursos_proyectos_proyecto FOREIGN KEY (id_proyecto) REFERENCES public.proyectos(id_proyecto) ON UPDATE RESTRICT ON DELETE RESTRICT;


--
-- TOC entry 3231 (class 2606 OID 42642)
-- Name: uu_de_invest fk_uu_de_in_dep_jerar_dd_jj; Type: FK CONSTRAINT; Schema: public; Owner: postgres
--

ALTER TABLE ONLY public.uu_de_invest
    ADD CONSTRAINT fk_uu_de_in_dep_jerar_dd_jj FOREIGN KEY (id_dep_jerar) REFERENCES public.dd_jj(id_dep_jerar) ON UPDATE RESTRICT ON DELETE RESTRICT;


--
-- TOC entry 3232 (class 2606 OID 42647)
-- Name: uu_de_invest fk_uu_de_in_forms_uu__forms; Type: FK CONSTRAINT; Schema: public; Owner: postgres
--

ALTER TABLE ONLY public.uu_de_invest
    ADD CONSTRAINT fk_uu_de_in_forms_uu__forms FOREIGN KEY (id_form) REFERENCES public.forms(id_form) ON UPDATE RESTRICT ON DELETE RESTRICT;


--
-- TOC entry 3233 (class 2606 OID 42652)
-- Name: uu_de_invest fk_uu_de_in_rrff_unid_unidades; Type: FK CONSTRAINT; Schema: public; Owner: postgres
--

ALTER TABLE ONLY public.uu_de_invest
    ADD CONSTRAINT fk_uu_de_in_rrff_unid_unidades FOREIGN KEY (id_unidad_rrff) REFERENCES public.unidades_rrff(id_unidad_rrff) ON UPDATE RESTRICT ON DELETE RESTRICT;


-- Completed on 2024-04-08 07:32:19

--
-- PostgreSQL database dump complete
--

